obs,ccClient,employee,date,time,phone,product1,product2,product3,amount1,amount2,amount3,state
347-yUkYrK5R,239.139.8.231,5,4/14/2020,6:28 AM,55714-2211,17,7,8,4,4,5,RECIEVED
550-EupULugi,239.139.8.231,3,3/30/2020,9:45 PM,0527-1318,2,2,5,5,2,2,PROCESS
078-lKlJ5a5D,176.231.9.124,3,9/7/2020,11:52 PM,54162-597,17,3,7,2,6,6,REQUESTED
389-OcklGVCU,132.13.100.72,2,12/18/2020,6:04 PM,0615-5554,16,7,7,3,2,2,RECIEVED
509-0w3G47To,132.13.100.72,4,5/3/2020,5:00 AM,0093-5787,6,9,7,3,2,5,RECIEVED
602-o2f3LTxa,239.139.8.231,5,5/2/2020,10:21 AM,10967-057,6,15,5,1,4,5,RECIEVED
021-BV4R5xdN,229.32.140.61,1,10/23/2020,9:02 AM,54868-6034,20,13,11,2,4,6,DELIVERED
110-5pHV7JPx,132.13.100.72,4,5/19/2020,2:52 PM,63629-4346,1,13,12,3,2,4,DELIVERED
386-Aj0msGRP,229.32.140.61,1,1/3/2021,11:28 PM,49944-001,13,4,4,5,2,2,RECIEVED
042-sWqnKdA9,176.231.9.124,4,5/17/2020,1:52 PM,0378-6750,9,15,7,6,3,2,REQUESTED
637-92iFgv2a,229.32.140.61,5,6/25/2020,11:16 PM,52389-136,14,14,4,5,6,4,DELIVERED
391-yHFw8bkO,229.32.140.61,3,11/24/2020,2:04 AM,59779-919,13,11,3,6,3,3,DELIVERED
855-Q00BliCS,229.32.140.61,3,3/8/2021,3:43 AM,45802-361,16,20,15,6,4,4,RECIEVED
694-0RRiF5l9,176.231.9.124,1,12/12/2020,7:39 AM,61666-002,10,5,1,5,5,4,DELIVERED
894-vkb1CSqH,229.32.140.61,3,5/30/2020,10:51 AM,51346-094,4,7,12,1,2,2,DELIVERED
231-Ifbb1NNO,239.139.8.231,1,8/28/2020,4:52 AM,53808-0609,6,17,8,1,2,6,DELIVERED
344-QwuUWQB3,176.231.9.124,4,8/22/2020,7:02 PM,57337-017,9,2,13,6,1,6,RECIEVED
365-hCRiccKd,229.32.140.61,1,1/10/2021,5:32 AM,24236-266,8,16,17,4,6,2,REQUESTED
403-gORgikNz,132.13.100.72,2,4/1/2020,1:23 AM,55253-601,5,15,8,6,6,2,DELIVERED
262-tk83N3F7,239.139.8.231,5,4/10/2020,3:00 PM,58154-103,4,6,15,2,5,2,PROCESS
777-X81QgNkC,132.13.100.72,4,8/29/2020,4:37 AM,42549-656,10,19,5,1,1,6,REQUESTED
777-1VK1WMXC,239.139.8.231,4,8/21/2020,4:08 PM,55910-806,5,11,20,2,1,6,PROCESS
783-QCM3psqK,239.139.8.231,3,1/7/2021,8:03 AM,51386-702,14,16,6,3,2,6,REQUESTED
997-e7XadsRl,239.139.8.231,3,2/4/2021,6:24 AM,16590-296,16,15,7,6,5,6,DELIVERED
626-WqnXZLmO,176.231.9.124,2,6/25/2020,8:45 PM,55282-1001,7,10,20,4,6,4,REQUESTED
970-nsK2u1o1,132.13.100.72,4,8/2/2020,1:12 PM,49999-280,20,18,10,4,1,6,REQUESTED
480-4b0ggdx9,176.231.9.124,1,1/20/2021,5:00 PM,43353-812,11,16,14,4,2,6,DELIVERED
348-Kh9TCMl9,229.32.140.61,5,6/29/2020,4:06 AM,76168-021,9,19,9,3,5,5,DELIVERED
382-syvuHA97,229.32.140.61,5,12/28/2020,7:51 PM,43406-0005,9,16,17,2,6,2,PROCESS
358-LNV2YJlo,229.32.140.61,3,5/5/2020,4:36 AM,0574-0827,12,13,13,6,6,5,DELIVERED
806-23wffyeQ,229.32.140.61,3,1/31/2021,11:27 AM,37000-470,10,3,9,6,2,3,RECIEVED
416-8OMSGCFr,176.231.9.124,5,5/15/2020,10:37 AM,66424-030,17,3,18,1,4,6,DELIVERED
845-A4Ob2Y9J,176.231.9.124,3,11/25/2020,2:01 PM,10812-839,15,15,17,1,4,5,DELIVERED
595-jpuPoUNi,176.231.9.124,4,6/19/2020,8:18 AM,65044-5078,6,10,1,4,2,2,DELIVERED
467-mTOHPBUH,176.231.9.124,5,7/9/2020,10:03 AM,54868-5434,7,15,13,6,4,1,RECIEVED
069-UQbuqfQO,132.13.100.72,1,8/11/2020,5:51 PM,10685-557,7,13,3,5,2,4,REQUESTED
917-VskaP5oR,239.139.8.231,4,7/13/2020,3:21 AM,0378-0130,16,3,4,5,2,2,RECIEVED
275-LAWIQ0u0,176.231.9.124,4,6/24/2020,8:49 AM,0603-0181,2,5,9,1,5,6,DELIVERED
379-3ng3u123,176.231.9.124,5,5/2/2020,3:25 AM,55648-271,20,19,9,3,6,2,RECIEVED
059-xVrrE4Eq,176.231.9.124,3,7/26/2020,5:02 PM,47682-811,7,1,2,3,5,3,PROCESS
283-PdeJvGCA,176.231.9.124,5,7/14/2020,8:12 PM,0173-0822,12,12,19,4,6,2,RECIEVED
544-oFztj4Ka,132.13.100.72,1,2/22/2021,5:43 PM,56152-0815,15,20,14,3,5,3,REQUESTED
074-vTcwdEp6,176.231.9.124,5,11/26/2020,1:05 AM,65162-536,7,10,13,6,3,1,DELIVERED
083-46P009n9,239.139.8.231,3,8/25/2020,1:40 AM,64725-0579,18,15,12,4,5,6,REQUESTED
937-NgKXhHMN,239.139.8.231,5,1/3/2021,8:09 PM,0591-3499,16,9,15,3,3,5,RECIEVED
277-AUSdIJcR,239.139.8.231,3,10/2/2020,11:06 PM,57520-0406,4,2,11,6,4,6,REQUESTED
241-kmwjODrY,176.231.9.124,4,4/30/2020,7:59 AM,43742-0029,2,12,20,5,5,3,RECIEVED
099-ax196Lb7,132.13.100.72,1,11/7/2020,12:14 PM,51143-296,6,3,1,2,3,4,RECIEVED
518-0QmAlHHH,132.13.100.72,5,5/8/2020,6:54 PM,49967-092,3,2,19,2,3,3,PROCESS
372-mDRz6YpS,132.13.100.72,5,12/19/2020,5:43 PM,64117-149,18,12,19,5,3,5,DELIVERED
898-yPy5zHmi,239.139.8.231,1,4/8/2020,2:40 AM,21695-299,14,4,15,1,2,5,RECIEVED
709-ib7WvrZ7,229.32.140.61,4,9/15/2020,4:38 PM,76237-154,17,19,3,4,5,3,RECIEVED
284-ZARihvNp,176.231.9.124,2,6/6/2020,7:07 PM,65643-419,7,13,4,6,5,2,DELIVERED
486-tB5ijyrE,229.32.140.61,4,5/1/2020,2:03 PM,67544-662,16,6,12,4,6,3,PROCESS
135-7kJdsV9e,229.32.140.61,4,11/11/2020,10:55 PM,0185-0053,6,8,9,2,3,1,PROCESS
391-S9r1X6ZF,239.139.8.231,4,9/24/2020,4:31 AM,46123-017,9,3,14,5,2,6,PROCESS
850-IIpPFTg1,176.231.9.124,2,8/8/2020,7:30 PM,76254-4001,12,10,18,3,3,1,RECIEVED
773-p2W6LOHF,132.13.100.72,2,10/8/2020,10:43 AM,29860-002,4,16,8,2,6,3,PROCESS
467-qCcnTyoL,176.231.9.124,3,3/30/2020,7:41 AM,55636-590,6,20,20,6,6,2,REQUESTED
945-qxySzQDS,239.139.8.231,5,1/15/2021,7:07 PM,75854-303,2,6,8,1,3,4,PROCESS
855-i7h9SIv6,176.231.9.124,3,12/2/2020,9:13 AM,49643-356,10,19,10,3,5,3,REQUESTED
902-60tQELhy,132.13.100.72,5,12/21/2020,9:10 AM,64679-783,20,3,14,3,2,1,DELIVERED
800-nRbuJ06n,239.139.8.231,1,5/28/2020,2:59 PM,59779-197,2,2,16,2,4,2,REQUESTED
825-l34LcQbu,176.231.9.124,1,1/20/2021,7:18 PM,76282-257,15,9,8,5,1,6,REQUESTED
181-g4IiaV0I,132.13.100.72,5,4/3/2020,9:57 AM,41250-022,18,2,6,3,5,4,DELIVERED
186-DnY0MJNi,176.231.9.124,1,7/25/2020,2:15 AM,55714-1500,17,12,7,5,2,4,DELIVERED
795-iDnNJyqc,176.231.9.124,1,8/6/2020,9:21 AM,53499-1233,3,15,3,6,3,2,REQUESTED
164-DennBcYE,132.13.100.72,5,5/26/2020,10:19 PM,49415-0001,1,11,17,1,3,6,DELIVERED
283-uNTaOjq5,176.231.9.124,5,2/12/2021,9:54 PM,64159-7048,14,4,1,5,6,2,RECIEVED
159-tnq18XPY,132.13.100.72,2,12/10/2020,4:22 AM,0135-0096,10,16,2,1,6,6,DELIVERED
818-1C0CRnVH,176.231.9.124,4,8/19/2020,8:29 PM,49502-605,2,16,7,1,2,6,REQUESTED
251-apLWfnh8,176.231.9.124,2,3/12/2021,8:41 PM,51285-082,20,13,12,2,6,6,RECIEVED
258-q3dEuyAR,239.139.8.231,1,5/14/2020,5:11 AM,63354-617,20,12,16,6,2,1,DELIVERED
230-NiRYuJGU,239.139.8.231,2,4/8/2020,8:13 PM,99207-850,9,12,16,5,6,3,RECIEVED
931-q3PMbyEx,229.32.140.61,1,12/30/2020,6:55 AM,16714-379,20,10,8,2,6,3,PROCESS
424-jiGFPYPp,239.139.8.231,3,12/13/2020,9:37 PM,68788-9081,13,16,7,6,6,1,RECIEVED
423-xI3gtdlY,132.13.100.72,2,1/16/2021,7:23 PM,68786-140,1,16,11,1,6,1,REQUESTED
609-7PTDWQ3N,239.139.8.231,1,6/2/2020,1:12 PM,49738-871,11,10,14,4,1,3,PROCESS
969-XKNGwP3t,132.13.100.72,1,5/31/2020,4:29 AM,31722-334,14,19,7,5,6,2,DELIVERED
101-YqdTUrfD,132.13.100.72,1,10/21/2020,12:05 PM,0409-4902,19,19,10,5,6,2,PROCESS
366-4Gtj32eM,229.32.140.61,5,1/24/2021,10:57 PM,59011-430,11,14,8,1,2,5,DELIVERED
597-6KxtIafF,132.13.100.72,5,2/14/2021,3:50 PM,63304-160,19,18,16,3,4,5,PROCESS
812-uUTi6o5a,229.32.140.61,1,11/12/2020,9:14 PM,35356-729,4,14,5,4,4,1,DELIVERED
116-W3GivFZ9,132.13.100.72,1,2/9/2021,3:11 PM,51009-128,1,15,20,2,5,2,DELIVERED
252-av5StNVM,176.231.9.124,3,4/20/2020,4:20 AM,48951-4036,11,13,17,2,1,4,PROCESS
654-deD1uUtw,229.32.140.61,4,6/7/2020,9:21 PM,68151-0681,6,20,19,5,5,4,RECIEVED
896-oalwRfHj,229.32.140.61,3,5/17/2020,2:24 AM,0904-6138,7,2,14,1,4,5,PROCESS
236-18OWACOX,176.231.9.124,5,7/22/2020,6:45 PM,61715-025,19,9,3,2,2,3,RECIEVED
559-RJZFFLiw,176.231.9.124,5,11/25/2020,9:14 AM,0054-4218,6,5,6,6,2,6,DELIVERED
481-nJoKlF4R,239.139.8.231,4,8/15/2020,6:59 AM,0378-5375,18,16,4,6,3,2,DELIVERED
879-I68qBcKF,229.32.140.61,2,12/9/2020,11:54 PM,63629-2640,13,14,9,1,5,6,DELIVERED
937-ZO8H0P5I,239.139.8.231,1,7/26/2020,10:26 PM,68428-743,1,4,17,6,2,1,RECIEVED
284-6tVbBfNL,239.139.8.231,4,1/30/2021,11:19 PM,24909-164,7,10,8,3,1,2,DELIVERED
371-h134KFW4,176.231.9.124,4,6/2/2020,5:21 PM,49884-270,8,10,15,2,2,5,RECIEVED
247-vGadHFgJ,229.32.140.61,2,7/17/2020,10:27 PM,0555-0860,3,8,7,1,2,1,PROCESS
257-oBsiksz2,239.139.8.231,5,2/7/2021,6:41 AM,58980-680,1,17,12,2,2,6,RECIEVED
318-tAku1XLH,239.139.8.231,3,4/5/2020,4:00 AM,52125-441,6,15,8,1,3,1,PROCESS
133-UJVS2bd6,239.139.8.231,3,6/12/2020,5:40 AM,49762-453,8,14,15,5,4,4,PROCESS
369-pi6PoLQb,176.231.9.124,3,11/14/2020,4:39 AM,24909-132,2,6,11,4,4,6,RECIEVED
713-jU3V4JqB,239.139.8.231,1,7/10/2020,6:33 PM,13107-154,16,1,9,2,4,4,DELIVERED
530-BkE6OKaS,176.231.9.124,5,6/13/2020,12:01 PM,0591-3720,13,19,14,1,5,2,PROCESS
276-AaWf7M26,132.13.100.72,5,5/3/2020,5:44 AM,0615-6598,15,5,9,4,1,6,RECIEVED
339-SWAYk3fN,229.32.140.61,1,5/11/2020,6:43 PM,17089-306,17,19,20,5,5,3,PROCESS
461-MgE21Kqb,239.139.8.231,1,10/5/2020,7:51 AM,43742-0028,4,20,8,4,2,5,RECIEVED
471-3iOkoQTi,239.139.8.231,3,5/23/2020,10:20 PM,51285-084,19,19,8,5,3,3,REQUESTED
747-Ze3Ealme,132.13.100.72,3,3/24/2020,4:18 PM,55312-187,5,5,4,4,4,6,PROCESS
271-Vn9mNFCE,176.231.9.124,1,11/6/2020,4:31 PM,21695-170,7,11,10,4,2,1,RECIEVED
326-GTcJfnO5,239.139.8.231,3,4/25/2020,10:49 AM,52389-623,14,5,11,2,1,3,PROCESS
696-ycPkCfqO,176.231.9.124,3,10/18/2020,12:35 PM,59148-018,17,7,14,1,2,5,DELIVERED
474-mRFX0NIn,229.32.140.61,2,3/16/2021,2:51 PM,60512-6461,13,7,7,6,5,4,REQUESTED
281-pA4Nhfs8,229.32.140.61,3,12/13/2020,4:54 AM,0031-8722,16,12,18,4,5,2,RECIEVED
892-EG0xOmIG,239.139.8.231,2,5/27/2020,3:48 PM,54575-228,9,5,4,3,4,3,DELIVERED
516-i3gX72Ua,229.32.140.61,4,5/9/2020,6:43 AM,75866-305,6,1,14,3,1,6,REQUESTED
651-jds06H7D,229.32.140.61,1,3/28/2020,10:50 PM,60512-6435,18,19,8,4,5,2,DELIVERED
099-FxAdZpGN,132.13.100.72,2,9/17/2020,9:46 AM,59762-1720,13,13,9,6,5,3,PROCESS
190-GXAWZ1Th,132.13.100.72,3,12/2/2020,8:11 PM,57520-0370,8,2,1,1,2,6,PROCESS
758-5tp5MNJO,176.231.9.124,2,12/26/2020,5:06 PM,21695-118,13,20,2,4,4,2,PROCESS
227-rcSkWDXI,132.13.100.72,5,11/24/2020,1:51 PM,21130-008,12,15,11,6,4,6,PROCESS
953-QJb1CKBS,132.13.100.72,4,10/16/2020,2:26 AM,42023-137,17,3,14,1,6,2,RECIEVED
672-9BpfHHlu,239.139.8.231,5,6/13/2020,1:05 PM,0378-0148,18,1,10,2,6,6,PROCESS
960-NA0h3biL,132.13.100.72,4,12/7/2020,12:42 AM,0310-0115,8,16,4,5,4,4,DELIVERED
234-U4OF2tyn,229.32.140.61,3,5/19/2020,2:55 AM,55154-2075,20,19,14,2,3,2,REQUESTED
193-rc7jeG8R,239.139.8.231,1,1/26/2021,7:14 PM,44911-0002,11,13,15,6,6,2,DELIVERED
937-wj8klNuT,239.139.8.231,5,3/29/2020,5:28 PM,0409-3590,20,9,9,5,2,2,REQUESTED
299-TWNQZ3XN,239.139.8.231,3,11/4/2020,2:13 PM,0280-1125,6,20,3,4,1,4,DELIVERED
843-7yMEkFL5,132.13.100.72,4,6/1/2020,2:06 PM,60683-082,9,13,11,6,3,3,RECIEVED
555-XJjUIn7g,132.13.100.72,4,3/12/2021,10:39 PM,65044-0614,1,8,6,3,4,1,REQUESTED
694-FACZeaav,132.13.100.72,1,9/12/2020,10:23 AM,54868-4904,2,5,16,2,5,5,PROCESS
611-4RkK93wP,176.231.9.124,4,10/30/2020,9:58 AM,11822-0973,7,20,9,5,3,3,RECIEVED
620-U3GkanKK,239.139.8.231,2,1/26/2021,2:46 PM,61924-188,13,18,9,3,2,1,DELIVERED
515-Li3Rtm8I,239.139.8.231,3,3/4/2021,10:24 AM,66689-694,15,8,12,4,5,6,REQUESTED
281-tLfVDzlA,176.231.9.124,3,10/18/2020,3:36 AM,42192-101,3,17,4,3,1,4,DELIVERED
542-kfDJrVBR,132.13.100.72,3,1/9/2021,5:06 AM,64679-993,14,13,15,6,6,6,PROCESS
008-8KU1pEak,132.13.100.72,4,8/4/2020,5:06 AM,59915-3001,19,15,1,6,6,6,DELIVERED
480-nfGNr3Sf,229.32.140.61,5,11/26/2020,9:37 PM,54569-1047,11,3,7,1,4,5,PROCESS
779-TxxvDmDf,132.13.100.72,5,5/24/2020,2:29 AM,0179-0019,7,12,7,6,2,1,PROCESS
614-gxldTBdN,239.139.8.231,5,2/21/2021,6:10 AM,51079-419,8,12,9,2,2,6,DELIVERED
440-DN64EQUS,132.13.100.72,2,5/2/2020,6:15 PM,49967-555,16,1,19,6,4,6,REQUESTED
942-q6w3Fwmw,229.32.140.61,2,5/5/2020,7:30 AM,0093-7115,5,19,17,3,1,5,REQUESTED
052-i6iSyfgT,176.231.9.124,5,10/24/2020,7:04 PM,50564-545,15,4,5,3,6,1,PROCESS
829-UQjpKzGJ,239.139.8.231,5,4/8/2020,5:10 AM,68391-604,2,7,9,5,5,3,RECIEVED
079-SXWv1wG1,239.139.8.231,4,2/19/2021,7:59 AM,55037-501,5,8,11,3,4,2,DELIVERED
632-AfA1Ge3x,132.13.100.72,1,11/22/2020,5:04 PM,49738-294,17,4,17,5,6,2,DELIVERED
725-m1fllNEU,239.139.8.231,2,8/20/2020,6:13 AM,67253-150,20,17,14,6,3,1,DELIVERED
377-4efV7ncX,132.13.100.72,3,7/29/2020,1:06 PM,52686-343,10,11,3,3,1,2,PROCESS
834-adltuznN,229.32.140.61,4,5/15/2020,11:24 PM,34362-0236,5,16,13,3,3,5,REQUESTED
118-5ApqL0vS,132.13.100.72,3,5/20/2020,5:55 PM,14783-600,1,12,16,5,1,3,REQUESTED
339-dV23c2c8,229.32.140.61,5,5/1/2020,5:09 PM,42507-558,6,7,3,5,4,6,REQUESTED
359-8IproJDm,239.139.8.231,2,12/31/2020,6:14 AM,36800-240,3,5,17,2,2,4,DELIVERED
795-LPeAdfG1,239.139.8.231,3,1/20/2021,8:27 PM,61722-166,1,11,1,6,4,4,REQUESTED
014-9yPF0tYc,229.32.140.61,5,9/8/2020,7:22 PM,0173-0344,17,8,19,3,5,1,DELIVERED
582-nLgsCETj,132.13.100.72,4,9/17/2020,3:46 PM,66116-360,3,4,16,2,6,1,PROCESS
868-s4HPiSkm,229.32.140.61,1,2/8/2021,9:09 AM,36800-200,15,8,18,1,4,2,DELIVERED
209-p7jbEmJE,239.139.8.231,2,12/28/2020,8:50 AM,67296-0628,13,2,9,2,4,6,DELIVERED
437-PGOwXuY1,239.139.8.231,5,7/12/2020,1:24 PM,30142-872,18,10,9,6,5,4,PROCESS
863-vvb29tEV,229.32.140.61,1,10/29/2020,9:31 PM,36987-3351,13,13,18,4,6,6,PROCESS
393-MHhJtAzu,132.13.100.72,2,11/10/2020,8:09 PM,0053-7632,7,7,20,1,5,2,PROCESS
513-d2QFfadR,229.32.140.61,4,2/21/2021,7:21 PM,0268-1204,18,13,7,3,4,1,REQUESTED
119-Pkw86eHX,229.32.140.61,5,3/17/2021,7:08 PM,54575-418,9,10,19,5,1,5,RECIEVED
580-CJn0rRFm,229.32.140.61,1,9/2/2020,10:52 PM,65517-1001,17,12,11,6,3,1,RECIEVED
723-rr4Ltq1W,132.13.100.72,3,2/28/2021,1:45 AM,61010-7111,7,3,15,4,5,3,RECIEVED
917-1Fw7oiC5,239.139.8.231,4,12/25/2020,5:40 AM,67046-168,6,13,18,2,1,4,PROCESS
236-XVWdi2W4,176.231.9.124,5,1/4/2021,11:55 PM,51346-108,14,5,20,4,6,3,RECIEVED
796-dWfb0ixR,132.13.100.72,5,3/25/2020,4:30 AM,0069-3032,4,12,16,5,1,4,PROCESS
699-rA6LqnwU,239.139.8.231,3,6/11/2020,4:19 AM,59762-0935,3,15,3,2,4,3,RECIEVED
178-pIg4Dj3G,132.13.100.72,4,9/9/2020,8:20 PM,24559-091,1,4,14,3,4,5,PROCESS
172-kuYy1hUy,176.231.9.124,1,12/24/2020,10:06 PM,21695-252,17,18,9,6,6,1,RECIEVED
730-uAiKmPZj,229.32.140.61,1,8/15/2020,10:34 PM,41250-839,5,1,19,1,2,6,REQUESTED
939-ulY5vqhe,239.139.8.231,3,4/20/2020,10:30 AM,0264-2302,16,6,20,1,3,5,PROCESS
937-BoiX6Dfm,229.32.140.61,4,2/22/2021,2:33 AM,52959-095,15,16,8,4,5,5,PROCESS
146-i42npA7K,132.13.100.72,1,2/16/2021,8:24 PM,55050-0006,7,9,1,3,2,5,DELIVERED
080-AIFbAPGC,176.231.9.124,3,10/29/2020,12:59 PM,55111-423,16,11,3,5,1,5,REQUESTED
015-HwSj85oK,176.231.9.124,2,9/1/2020,1:57 PM,55714-8010,6,4,14,1,4,4,RECIEVED
036-MiVNv4Io,229.32.140.61,2,1/27/2021,2:23 AM,75921-025,17,1,8,5,3,5,REQUESTED
144-4iqWt3AY,132.13.100.72,3,2/6/2021,11:51 PM,76237-304,13,11,12,6,3,2,PROCESS
568-O4gy0xtD,132.13.100.72,3,1/29/2021,8:43 AM,57955-8150,3,17,15,1,2,6,REQUESTED
314-6ltkP7AG,239.139.8.231,1,5/29/2020,4:52 AM,43772-0042,18,4,15,6,2,3,REQUESTED
264-rlFc4D8E,176.231.9.124,5,9/7/2020,12:34 PM,0113-0911,12,14,1,2,5,3,REQUESTED
198-mMt0zRfR,239.139.8.231,5,5/14/2020,8:19 AM,55111-718,7,13,6,1,5,1,RECIEVED
034-DjeT7Bhn,132.13.100.72,3,9/20/2020,5:09 AM,49967-416,16,12,8,6,4,3,RECIEVED
391-eakHIVNz,229.32.140.61,5,7/5/2020,2:32 AM,0179-0099,6,4,16,6,5,4,RECIEVED
493-fjtyvfMg,176.231.9.124,5,11/29/2020,6:20 AM,55305-113,20,5,9,1,5,4,RECIEVED
091-0alr58Rx,176.231.9.124,2,5/12/2020,6:31 PM,61442-142,3,2,4,2,6,1,RECIEVED
892-I637l55D,132.13.100.72,3,3/9/2021,10:13 PM,24385-594,8,18,9,1,1,3,PROCESS
800-45Ju66MU,239.139.8.231,2,6/18/2020,10:01 AM,0884-8411,6,2,17,1,1,4,REQUESTED
226-ABsIMioy,239.139.8.231,4,10/5/2020,5:58 PM,24486-200,10,10,15,3,6,1,RECIEVED
027-G4sHdwFt,229.32.140.61,1,4/11/2020,6:58 AM,0268-1318,10,4,8,6,2,3,DELIVERED
492-B7cIQRrB,176.231.9.124,4,2/20/2021,3:46 PM,58118-1064,9,17,11,1,1,5,RECIEVED
539-xStoaqgV,229.32.140.61,1,10/1/2020,2:20 AM,76472-1154,4,14,14,3,6,5,RECIEVED
085-xzU6Cmwn,229.32.140.61,4,4/25/2020,8:04 PM,0179-0022,16,15,18,4,6,4,REQUESTED
088-1FhzjyDx,239.139.8.231,3,2/3/2021,11:09 PM,13537-407,12,14,19,5,2,1,RECIEVED
906-jDqEUint,132.13.100.72,2,6/1/2020,7:51 AM,49738-702,19,17,3,4,5,4,PROCESS
779-gHNyRZAC,229.32.140.61,3,11/28/2020,2:44 PM,49288-0421,20,6,5,4,5,2,DELIVERED
806-xPQlanJQ,176.231.9.124,5,12/18/2020,5:17 PM,0053-8132,19,13,7,1,4,3,REQUESTED
023-pOViW1BL,176.231.9.124,3,11/11/2020,5:00 AM,68788-9392,3,5,17,2,1,1,DELIVERED
603-BFVrYFeH,176.231.9.124,3,11/12/2020,6:50 PM,66530-260,15,2,1,6,5,6,RECIEVED
442-V8MUBY2d,229.32.140.61,1,9/30/2020,7:31 PM,12496-1208,6,11,2,2,3,5,RECIEVED
064-bcMmvDy8,229.32.140.61,3,2/1/2021,8:51 AM,0009-5135,12,11,17,4,3,6,PROCESS
974-BUgpFnQX,239.139.8.231,2,4/25/2020,4:08 PM,24385-369,1,10,12,5,6,5,REQUESTED
881-84tcZNe5,176.231.9.124,5,5/27/2020,7:53 PM,49967-502,1,3,1,4,5,1,REQUESTED
913-UlPGo7dy,176.231.9.124,1,12/29/2020,1:47 AM,76388-880,10,17,5,3,6,5,REQUESTED
517-7LE7bI6E,239.139.8.231,2,2/27/2021,7:51 PM,37808-190,19,16,14,1,1,1,REQUESTED
727-kZzHCKKs,132.13.100.72,2,7/1/2020,3:06 AM,65841-718,9,1,3,2,6,2,PROCESS
858-c3i5xyKU,176.231.9.124,5,5/12/2020,12:57 PM,63629-4556,14,1,15,5,5,3,RECIEVED
966-vl6ypUqu,132.13.100.72,1,4/24/2020,6:39 AM,0268-6734,6,5,20,3,5,1,DELIVERED
952-dIZgxZsR,229.32.140.61,2,10/1/2020,6:15 AM,52731-7004,8,7,9,3,6,5,DELIVERED
848-N2Yoff31,176.231.9.124,1,8/16/2020,3:45 PM,50436-4357,15,18,10,5,3,3,RECIEVED
537-TkvIGIip,239.139.8.231,2,2/16/2021,5:29 AM,55154-6294,11,17,4,6,6,2,DELIVERED
882-fQYQCex4,229.32.140.61,1,3/3/2021,5:31 PM,0904-5875,7,3,6,1,5,6,PROCESS
696-ij9qN5Ya,176.231.9.124,2,12/11/2020,11:33 PM,66382-005,16,19,3,3,3,2,PROCESS
673-FdpZZ7AC,239.139.8.231,5,10/27/2020,3:41 AM,63783-013,16,5,17,3,1,6,DELIVERED
536-nrcfx7RE,239.139.8.231,4,6/17/2020,2:38 PM,0173-0847,16,20,8,4,1,6,PROCESS
949-AkgNdVPj,176.231.9.124,4,1/19/2021,10:10 AM,64141-113,6,6,1,4,6,3,PROCESS
031-dDeCzEb7,132.13.100.72,4,7/27/2020,6:15 AM,68382-764,19,16,14,4,1,3,RECIEVED
699-zJfShiYC,176.231.9.124,1,7/29/2020,3:04 AM,36800-520,5,16,20,3,1,6,REQUESTED
121-6iH2bjve,229.32.140.61,5,4/27/2020,6:45 AM,54868-5021,2,14,17,6,4,5,PROCESS
924-X0Z33lXs,132.13.100.72,5,8/22/2020,6:45 PM,65862-538,13,13,12,1,1,3,REQUESTED
570-meCxPx4g,239.139.8.231,4,2/28/2021,11:40 PM,0078-0633,2,8,5,3,6,1,PROCESS
778-emVKIMYv,239.139.8.231,1,7/16/2020,7:25 PM,0699-7071,12,6,11,1,6,4,REQUESTED
561-VwwdB8uf,239.139.8.231,5,4/30/2020,12:08 AM,0054-8859,20,18,8,2,5,3,REQUESTED
722-PI4pcHcN,239.139.8.231,3,6/2/2020,1:06 AM,98132-733,7,11,4,1,5,2,RECIEVED
144-H2kHzHEl,132.13.100.72,2,9/30/2020,7:21 AM,52125-865,1,8,2,4,3,1,REQUESTED
235-7qPgbFRa,176.231.9.124,3,7/17/2020,4:36 PM,68788-9120,6,20,12,6,5,3,DELIVERED
997-TRidqxkM,132.13.100.72,3,2/13/2021,9:50 AM,53808-0755,13,19,19,2,1,1,PROCESS
605-yhJouK4H,229.32.140.61,2,2/5/2021,10:44 AM,55118-305,9,2,16,3,3,4,PROCESS
228-XbfB5vv7,239.139.8.231,1,11/20/2020,2:21 PM,63481-684,1,19,17,6,2,6,RECIEVED
999-Uxz4AecR,176.231.9.124,3,6/12/2020,7:54 PM,0268-3050,20,17,1,4,1,4,RECIEVED
549-WzDON7lR,176.231.9.124,1,8/22/2020,3:15 PM,21695-122,18,8,18,3,4,3,REQUESTED
408-8xNZjSEK,239.139.8.231,2,3/9/2021,7:18 PM,35356-668,4,14,1,3,3,6,RECIEVED
393-PYrd0oCI,176.231.9.124,3,12/17/2020,11:39 PM,17089-453,1,19,17,5,3,5,PROCESS
090-Y0gpP8VC,239.139.8.231,3,10/15/2020,9:45 AM,60512-6157,3,3,11,6,2,2,PROCESS
497-c1dBzoXv,132.13.100.72,5,3/21/2020,3:19 PM,54868-5548,1,4,13,4,6,2,RECIEVED
576-vem5NrNF,239.139.8.231,3,12/2/2020,8:53 PM,54973-3106,14,20,20,1,1,1,RECIEVED
040-haBpd25t,229.32.140.61,2,10/30/2020,9:00 AM,0067-2070,19,7,5,3,4,1,REQUESTED
651-wQjJWKCS,229.32.140.61,2,11/10/2020,4:18 AM,49288-0811,9,2,17,5,4,1,RECIEVED
606-bylobxrm,239.139.8.231,5,3/19/2021,3:26 PM,75863-2001,6,13,8,5,5,1,DELIVERED
189-iUAdSdsF,132.13.100.72,4,9/14/2020,4:43 AM,11344-604,15,17,20,3,4,3,PROCESS
842-5W0EuqcD,176.231.9.124,3,5/3/2020,11:43 AM,22431-127,3,16,19,1,5,6,REQUESTED
731-sEJDmQH0,239.139.8.231,3,7/21/2020,12:05 PM,44183-401,2,19,1,2,5,3,PROCESS
099-e1YxYPjc,229.32.140.61,5,2/21/2021,8:21 AM,36987-2179,2,9,6,3,1,3,PROCESS
836-6PinQKar,239.139.8.231,1,2/19/2021,7:37 AM,52083-678,18,19,7,1,1,1,PROCESS
580-mWVpidQK,239.139.8.231,1,1/16/2021,7:05 AM,36987-1599,18,14,19,3,5,2,REQUESTED
365-xU5KEPaa,176.231.9.124,4,3/24/2020,12:02 AM,21695-130,16,1,9,6,6,1,RECIEVED
726-IGnwEcyX,239.139.8.231,2,8/18/2020,4:01 PM,62713-914,19,7,7,4,1,1,DELIVERED
473-0meI7fMm,176.231.9.124,3,12/25/2020,1:23 AM,35356-512,7,11,6,5,1,5,REQUESTED
030-rIk17UPj,239.139.8.231,2,10/16/2020,12:07 PM,0172-5032,18,6,17,3,6,3,RECIEVED
607-n5dOsnj3,229.32.140.61,3,9/19/2020,9:05 AM,43269-826,4,5,10,1,6,1,RECIEVED
512-ZRJYcxwJ,132.13.100.72,5,2/22/2021,2:14 PM,0173-0737,10,4,18,6,6,1,DELIVERED
265-2yL4K2lz,229.32.140.61,4,8/23/2020,4:22 PM,55910-604,1,2,14,2,2,6,DELIVERED
056-EucrEWn8,229.32.140.61,5,4/27/2020,12:16 PM,0641-6056,13,8,4,6,4,2,RECIEVED
661-9SL6K0f1,239.139.8.231,5,7/5/2020,4:27 PM,0143-9919,2,4,14,2,4,2,PROCESS
306-FkJ9bVkI,239.139.8.231,2,11/26/2020,1:15 AM,51645-269,8,15,10,5,1,6,PROCESS
773-OeCBelOt,132.13.100.72,4,9/2/2020,6:41 AM,65862-048,14,10,20,5,2,4,DELIVERED
690-A7R0rDrO,229.32.140.61,5,9/26/2020,10:56 AM,65044-5001,16,11,3,5,2,6,PROCESS
825-bI23kb3y,132.13.100.72,4,12/5/2020,12:13 PM,68084-607,19,1,16,4,6,1,RECIEVED
195-5D5VrVlz,132.13.100.72,5,1/29/2021,5:02 PM,21695-600,11,10,1,6,2,3,DELIVERED
181-uaUioowk,176.231.9.124,2,6/18/2020,3:31 PM,52125-348,3,11,2,2,5,5,REQUESTED
563-IdKticok,239.139.8.231,5,7/31/2020,2:47 AM,16252-541,5,6,7,4,5,4,RECIEVED
291-KChGV0Wu,176.231.9.124,3,8/30/2020,2:40 PM,49349-038,16,8,18,1,6,5,RECIEVED
311-6u5vFVTE,176.231.9.124,3,7/9/2020,2:22 AM,43063-489,12,5,15,4,2,1,REQUESTED
371-aDwdDQCT,239.139.8.231,4,9/7/2020,12:54 AM,49738-295,2,2,11,5,2,1,PROCESS
812-QAn7Qtko,176.231.9.124,3,3/10/2021,3:44 AM,52125-139,4,2,9,2,2,5,REQUESTED
708-DIK9v256,239.139.8.231,2,3/10/2021,8:21 PM,30142-590,18,1,18,6,5,2,DELIVERED
859-KJx5PD4D,239.139.8.231,4,1/26/2021,3:22 PM,43063-418,7,6,9,6,5,2,PROCESS
749-5e9jcKaD,229.32.140.61,2,6/10/2020,6:09 PM,52584-902,3,10,2,4,3,2,RECIEVED
977-BqPKXadC,229.32.140.61,4,11/2/2020,7:54 PM,62756-521,12,9,5,1,5,5,PROCESS
949-ATwwV5Pp,176.231.9.124,5,1/9/2021,10:31 AM,53808-0361,20,19,14,6,5,3,RECIEVED
366-B2xNY9JV,229.32.140.61,2,2/5/2021,11:43 PM,46437-001,7,6,3,1,4,6,RECIEVED
607-QwtFbwqN,132.13.100.72,1,11/18/2020,5:53 AM,55289-002,4,17,15,3,6,5,REQUESTED
013-2LiK9guj,176.231.9.124,2,3/5/2021,8:48 PM,43742-0018,6,13,14,6,6,1,RECIEVED
908-8NrWgkoZ,132.13.100.72,1,3/13/2021,3:14 PM,68405-044,1,11,19,6,3,5,REQUESTED
473-MzbAWI7t,239.139.8.231,5,12/11/2020,2:20 AM,54868-5899,13,8,17,2,3,5,PROCESS
620-wBx4DiaV,239.139.8.231,4,12/17/2020,7:41 PM,57955-3020,11,13,2,2,4,5,RECIEVED
668-0det9sNL,239.139.8.231,2,10/25/2020,9:00 AM,0573-2840,8,7,18,1,5,2,RECIEVED
157-vBvlPmCg,132.13.100.72,4,3/6/2021,8:44 AM,11523-1350,11,17,14,4,3,6,DELIVERED
964-GvLwFFvI,229.32.140.61,3,12/16/2020,6:00 PM,61077-003,5,11,1,1,2,1,DELIVERED
772-1Q0FazBP,132.13.100.72,5,7/7/2020,11:01 PM,0228-3508,1,8,18,1,2,4,PROCESS
428-X6nn30tV,132.13.100.72,4,12/28/2020,5:41 PM,62802-035,14,9,6,6,1,5,DELIVERED
802-fCxM7llG,132.13.100.72,3,4/10/2020,3:26 AM,53489-591,7,8,15,4,2,4,PROCESS
509-5NHCduE4,239.139.8.231,5,10/16/2020,12:20 PM,75990-5018,7,16,18,1,4,6,REQUESTED
253-2dJLygzv,229.32.140.61,4,4/29/2020,7:06 PM,57881-336,18,7,12,1,3,2,REQUESTED
786-oCUSCRXU,176.231.9.124,1,6/23/2020,4:10 AM,47682-808,20,14,19,2,4,4,RECIEVED
926-EQyOqrBB,229.32.140.61,4,10/19/2020,2:12 AM,59115-075,19,11,7,1,5,5,PROCESS
708-zhuLS0Wk,229.32.140.61,5,10/19/2020,2:25 PM,0378-1150,17,6,19,3,1,3,PROCESS
897-0CXWFxG2,132.13.100.72,4,10/20/2020,8:37 PM,42254-125,8,12,15,4,4,4,DELIVERED
772-XsHrKhkB,132.13.100.72,2,9/6/2020,3:01 AM,0268-1151,17,8,8,6,3,5,REQUESTED
565-U16kRJuO,239.139.8.231,3,7/30/2020,8:20 PM,63739-689,19,8,3,4,4,4,REQUESTED
231-8gvVZaI4,132.13.100.72,2,8/21/2020,6:15 AM,0268-6180,16,3,5,3,6,5,RECIEVED
881-fwBbY8Rv,229.32.140.61,2,6/1/2020,7:46 AM,10742-8980,13,12,14,1,2,6,REQUESTED
112-JnWFS70N,229.32.140.61,5,3/16/2021,6:09 PM,57665-331,6,15,3,3,5,2,DELIVERED
675-JKqb7XSL,229.32.140.61,3,1/8/2021,11:24 AM,55910-356,1,10,8,6,1,3,REQUESTED
008-Uf9tTCdY,176.231.9.124,5,3/29/2020,2:50 AM,16590-847,14,15,5,1,2,5,RECIEVED
074-6tDtWRhl,176.231.9.124,3,12/22/2020,4:29 PM,54868-5771,5,1,3,5,2,2,REQUESTED
274-THTSUZLs,176.231.9.124,2,5/26/2020,2:16 AM,68391-242,5,12,5,6,6,1,DELIVERED
898-qWJOQ9Xa,132.13.100.72,2,5/6/2020,3:42 AM,67536-223,16,13,4,5,3,2,REQUESTED
427-cI7G2ucI,176.231.9.124,4,2/4/2021,10:55 PM,59779-107,13,8,16,5,5,3,DELIVERED
783-6UZ33DDx,239.139.8.231,1,12/21/2020,11:11 AM,43353-894,17,14,13,1,1,4,DELIVERED
840-8E45r7FV,132.13.100.72,5,7/18/2020,11:05 PM,49288-0222,7,4,12,1,4,2,REQUESTED
977-UXUc13cR,176.231.9.124,4,9/16/2020,6:53 PM,0409-7992,14,1,18,1,4,4,PROCESS
256-TUTQkEdr,132.13.100.72,5,10/26/2020,8:44 AM,61543-7233,6,8,4,6,6,2,DELIVERED
032-jmoRpMzX,239.139.8.231,2,4/30/2020,5:02 AM,55154-3449,17,3,3,6,5,3,REQUESTED
865-vQhuWmZg,239.139.8.231,2,8/15/2020,6:37 PM,48951-8165,12,1,19,2,1,1,RECIEVED
400-QoMJyB6V,229.32.140.61,4,3/21/2020,10:05 PM,41163-056,5,5,20,6,5,1,RECIEVED
996-GS1dxc9V,176.231.9.124,3,2/16/2021,9:37 AM,54868-3935,8,7,2,2,6,2,REQUESTED
653-j6oeHLFz,239.139.8.231,3,1/17/2021,1:07 PM,63354-028,1,6,11,2,5,4,PROCESS
078-xvxM6CJU,176.231.9.124,1,7/13/2020,8:57 AM,49349-977,7,6,18,5,4,3,PROCESS
338-V8VC76MC,239.139.8.231,2,9/29/2020,4:32 PM,14550-517,5,1,16,6,1,5,PROCESS
872-spGkQZk3,176.231.9.124,5,3/19/2021,2:42 AM,43269-717,19,8,15,3,1,6,RECIEVED
173-47TwOOqx,239.139.8.231,1,3/17/2021,4:34 PM,54868-5074,20,14,10,5,6,6,PROCESS
899-drgSh9OE,229.32.140.61,4,6/27/2020,1:10 PM,0067-0969,15,8,7,1,6,6,PROCESS
526-iCUIE8vn,239.139.8.231,5,7/26/2020,4:31 PM,54305-617,18,10,11,3,3,6,DELIVERED
495-h0wLM0tH,132.13.100.72,2,12/5/2020,10:22 PM,43063-400,14,10,15,3,2,4,DELIVERED
953-gJ5dwtEO,239.139.8.231,2,1/14/2021,10:27 AM,58118-0520,16,10,12,1,4,5,RECIEVED
388-vBlmz8sO,176.231.9.124,3,6/23/2020,11:14 AM,64117-215,8,5,11,3,2,1,REQUESTED
292-4Hxq76kh,229.32.140.61,5,9/5/2020,7:50 PM,11673-102,9,10,11,5,6,3,REQUESTED
474-xckkLkqS,229.32.140.61,5,10/26/2020,10:58 AM,42268-2001,3,5,3,6,5,1,RECIEVED
551-rl7BgBQb,239.139.8.231,3,8/9/2020,10:28 AM,62011-0186,4,7,2,5,4,6,RECIEVED
342-5H4RR9YO,239.139.8.231,1,2/4/2021,1:57 AM,68788-9801,12,11,11,1,1,1,DELIVERED
968-GiQoV45m,229.32.140.61,5,8/6/2020,11:29 PM,42937-704,12,1,1,6,6,1,DELIVERED
554-TRdXeTN5,176.231.9.124,3,7/28/2020,12:15 PM,53877-005,18,2,12,4,3,4,REQUESTED
075-A5vqWygT,239.139.8.231,4,6/14/2020,2:21 AM,34645-2608,6,11,11,5,2,3,DELIVERED
722-EUXDuu91,176.231.9.124,1,9/25/2020,12:38 PM,21130-113,9,9,11,5,5,2,REQUESTED
444-ju18mXLq,239.139.8.231,1,12/1/2020,12:35 PM,55316-306,5,6,7,2,5,5,REQUESTED
816-wM0plBaz,229.32.140.61,1,10/20/2020,11:35 AM,58668-5351,20,6,9,1,2,6,RECIEVED
982-9y9dthzj,229.32.140.61,5,11/19/2020,10:05 PM,55315-236,9,20,20,2,1,3,DELIVERED
781-BdGzFWrv,176.231.9.124,4,6/18/2020,1:34 PM,30142-980,6,9,18,1,3,4,RECIEVED
774-jireN4aP,176.231.9.124,3,11/12/2020,2:54 PM,41250-352,4,10,8,5,4,5,REQUESTED
796-EpGvmWQj,239.139.8.231,4,11/17/2020,12:12 AM,63824-417,7,18,8,6,3,2,RECIEVED
200-NKkut6rK,176.231.9.124,5,2/10/2021,12:11 AM,49738-973,13,11,11,5,1,1,DELIVERED
395-v1SzjOgk,239.139.8.231,2,3/9/2021,11:09 PM,36987-1790,9,15,7,5,4,3,RECIEVED
490-KJqLs2va,132.13.100.72,4,9/20/2020,4:44 PM,31722-565,8,11,2,6,4,2,PROCESS
222-B5hbQW1L,239.139.8.231,4,10/13/2020,12:43 PM,49999-020,16,4,9,4,4,3,RECIEVED
969-LyAtNkSF,176.231.9.124,2,7/7/2020,1:05 PM,50563-186,3,1,2,2,4,2,DELIVERED
323-AYx5kybp,132.13.100.72,4,4/21/2020,8:06 PM,68040-705,7,13,18,4,3,5,REQUESTED
911-zJ6sPiU2,229.32.140.61,4,11/17/2020,11:36 PM,54569-0860,17,5,15,2,3,3,DELIVERED
695-XtXZQ3C9,132.13.100.72,1,4/29/2020,8:01 AM,0009-0024,6,12,15,5,5,5,DELIVERED
572-ulv43lP2,239.139.8.231,4,4/18/2020,6:59 AM,10096-0268,14,7,13,2,6,5,PROCESS
246-06k77hp6,132.13.100.72,4,8/13/2020,5:50 AM,43269-837,3,12,1,1,6,3,RECIEVED
918-MaPmzmiI,176.231.9.124,4,4/23/2020,10:50 AM,0069-5800,3,13,5,1,1,2,RECIEVED
657-c2EBA7nR,239.139.8.231,1,8/8/2020,3:19 PM,35356-569,2,11,11,3,1,4,DELIVERED
460-PDZ9TTs8,239.139.8.231,5,10/20/2020,2:22 AM,30142-692,19,2,17,3,5,5,REQUESTED
372-03dRGWyK,176.231.9.124,5,11/21/2020,5:19 AM,55714-4420,10,11,1,1,2,6,PROCESS
443-r1Vg1BHb,239.139.8.231,5,6/8/2020,6:54 PM,10019-063,4,14,6,5,5,4,DELIVERED
016-a4hwVapK,239.139.8.231,1,8/26/2020,3:25 PM,0372-0043,2,19,7,6,1,5,REQUESTED
084-ZBqgerHW,229.32.140.61,2,2/2/2021,12:03 PM,63783-008,5,13,9,1,2,5,REQUESTED
688-7NdPrh1n,176.231.9.124,4,7/31/2020,4:22 AM,0781-5914,16,12,2,2,3,2,RECIEVED
785-EqCD0HFn,176.231.9.124,4,5/1/2020,4:59 AM,61957-0111,14,6,11,3,6,6,PROCESS
487-xZaUH7EQ,229.32.140.61,5,4/4/2020,9:02 PM,54868-4096,1,8,1,4,6,6,RECIEVED
724-FjCbkm5D,229.32.140.61,3,9/14/2020,12:55 PM,11528-135,19,18,6,1,1,4,DELIVERED
325-oCrRPVk4,132.13.100.72,4,5/14/2020,3:20 AM,11410-614,3,16,17,2,6,6,PROCESS
557-KzwAGKob,229.32.140.61,3,10/2/2020,9:34 AM,51079-347,5,15,4,2,2,6,RECIEVED
488-bdnUnQgv,132.13.100.72,5,4/8/2020,2:11 AM,63941-360,6,5,4,6,4,5,DELIVERED
229-d2yNDnyU,176.231.9.124,5,6/25/2020,3:06 AM,66116-234,11,20,9,4,5,3,DELIVERED
866-qfjtE7vJ,176.231.9.124,3,1/9/2021,11:03 AM,60512-1022,5,14,15,4,6,2,RECIEVED
245-Y2gLd7gf,229.32.140.61,2,3/29/2020,9:32 AM,0591-2224,14,18,17,2,3,5,PROCESS
271-0QPxwyED,239.139.8.231,4,6/4/2020,2:43 PM,49288-0377,10,13,14,4,4,5,DELIVERED
033-JkNopLT9,239.139.8.231,4,5/23/2020,8:17 PM,50580-550,4,9,2,1,5,3,REQUESTED
413-3A3jJf1g,239.139.8.231,5,10/14/2020,1:34 PM,0472-0381,20,19,6,2,1,3,PROCESS
266-GOZkP4MW,132.13.100.72,5,11/2/2020,8:14 AM,0268-6540,8,15,13,1,6,6,PROCESS
285-wDavYIkn,229.32.140.61,4,1/20/2021,10:22 AM,68788-9112,15,19,16,4,6,1,RECIEVED
533-AtLvIpUz,176.231.9.124,1,5/7/2020,5:28 AM,0944-2923,7,10,9,2,1,2,REQUESTED
952-EV7ERY0X,132.13.100.72,1,3/8/2021,7:22 PM,55154-7676,7,6,1,6,1,1,PROCESS
504-EU4AwJnd,176.231.9.124,4,4/25/2020,11:44 AM,57708-888,9,14,4,3,6,1,REQUESTED
174-CSRj6FWr,229.32.140.61,3,1/31/2021,8:55 PM,0378-2042,19,9,12,2,5,6,DELIVERED
396-e5rMG6VI,229.32.140.61,1,3/17/2021,3:40 AM,52268-101,12,6,11,6,4,3,REQUESTED
681-KQckh1fj,239.139.8.231,4,9/6/2020,9:23 AM,0378-4415,6,9,20,5,4,2,DELIVERED
096-l5w0tctj,239.139.8.231,2,10/21/2020,3:01 PM,42291-674,2,15,15,6,6,4,RECIEVED
053-oM73FA3Q,239.139.8.231,1,1/12/2021,2:13 AM,67718-948,4,7,20,6,3,6,DELIVERED
731-CJvUQtuY,239.139.8.231,4,6/2/2020,10:22 AM,67046-132,3,14,2,2,3,2,REQUESTED
495-13fqbctu,229.32.140.61,5,6/5/2020,9:07 PM,0409-6780,18,1,8,5,6,4,RECIEVED
082-HKkBPtca,176.231.9.124,5,3/14/2021,1:05 AM,17478-544,10,5,10,4,5,1,PROCESS
444-qazATknl,229.32.140.61,1,6/10/2020,6:06 PM,54429-0103,20,4,12,4,1,6,REQUESTED
583-98UhxZns,132.13.100.72,3,6/23/2020,9:56 PM,63187-124,16,19,8,2,6,5,DELIVERED
773-fnpoHaou,132.13.100.72,4,3/24/2020,8:00 PM,64117-207,16,15,17,4,6,6,REQUESTED
539-ixjb2mw9,229.32.140.61,5,3/13/2021,8:11 PM,0179-0119,6,19,7,3,3,3,PROCESS
784-CNmk4dao,229.32.140.61,5,7/31/2020,8:59 PM,62670-4783,6,8,20,3,5,5,REQUESTED
553-IavNS9VT,176.231.9.124,4,4/28/2020,9:54 PM,55154-5463,16,9,4,6,5,5,RECIEVED
533-Fba9DZi7,176.231.9.124,2,7/8/2020,6:35 PM,52686-228,3,4,19,6,4,4,DELIVERED
149-r4GwJ0NY,176.231.9.124,2,6/11/2020,7:25 PM,63187-081,18,20,15,5,4,2,DELIVERED
870-xQe3r9bN,239.139.8.231,1,4/30/2020,6:48 PM,0944-2833,7,6,10,3,2,5,DELIVERED
789-82QgBfpR,239.139.8.231,2,3/26/2020,4:24 PM,42507-441,14,7,7,4,3,1,PROCESS
950-YuhscEPQ,229.32.140.61,5,2/4/2021,1:43 PM,43353-925,17,10,2,2,3,2,DELIVERED
489-FnDMI9CC,229.32.140.61,2,1/9/2021,4:59 PM,13826-001,20,6,1,4,3,4,RECIEVED
017-hDG8pyQG,176.231.9.124,1,12/31/2020,12:08 PM,49349-785,2,12,5,6,2,5,DELIVERED
137-geHamipw,176.231.9.124,3,12/3/2020,9:24 PM,68788-9052,9,1,16,6,5,2,DELIVERED
646-9mEwFAkp,176.231.9.124,3,7/6/2020,11:21 PM,0363-0544,20,8,2,4,1,6,DELIVERED
598-cJ836mMo,239.139.8.231,3,6/13/2020,7:10 PM,16714-025,1,16,1,2,6,2,DELIVERED
449-IifjmDAx,176.231.9.124,5,2/23/2021,1:20 AM,55312-309,15,15,16,5,5,3,REQUESTED
229-gqI8eJDV,239.139.8.231,1,4/24/2020,5:48 PM,59137-550,12,2,16,2,5,6,REQUESTED
502-R1TvI7sf,239.139.8.231,1,6/4/2020,11:14 PM,21695-384,2,8,20,4,6,1,PROCESS
503-7xsm6jX4,239.139.8.231,5,7/21/2020,10:26 PM,0069-3859,11,1,12,6,5,3,RECIEVED
811-fhaHJLa6,239.139.8.231,5,8/21/2020,9:31 AM,0006-3514,7,13,19,6,5,6,REQUESTED
231-lK4zEBkU,132.13.100.72,4,9/23/2020,6:47 AM,54569-4953,14,8,19,2,3,3,PROCESS
222-4gFLq7bS,132.13.100.72,4,12/8/2020,7:21 PM,50964-010,12,3,9,1,1,3,RECIEVED
383-gqnAxy8K,176.231.9.124,5,9/27/2020,12:06 AM,49348-888,5,4,20,3,6,5,REQUESTED
002-tFWDww8y,132.13.100.72,1,9/5/2020,11:04 AM,48951-1155,5,15,15,3,3,3,REQUESTED
683-SUgepkuU,239.139.8.231,4,3/7/2021,7:36 PM,52584-504,19,1,16,5,1,2,DELIVERED
239-ehfQ6VLE,176.231.9.124,1,6/27/2020,1:33 AM,60429-102,16,20,14,2,2,4,REQUESTED
436-x0PtPK8t,239.139.8.231,1,9/23/2020,8:54 AM,55154-4789,13,15,12,1,5,5,PROCESS
004-TiLeFrxI,132.13.100.72,3,3/1/2021,3:18 PM,49291-0003,19,7,8,3,1,3,RECIEVED
555-QOzKYJ0Q,176.231.9.124,2,1/23/2021,4:32 AM,49884-043,13,14,13,5,5,6,PROCESS
698-DKdnE5BT,239.139.8.231,1,7/21/2020,10:37 AM,0172-3925,8,7,16,6,3,1,DELIVERED
827-MDoPBoF4,132.13.100.72,2,1/9/2021,9:37 PM,68382-260,7,10,3,3,4,5,PROCESS
064-VgKtmARF,132.13.100.72,2,12/13/2020,7:21 AM,55312-100,5,18,9,5,3,1,DELIVERED
574-ORzEm1G6,132.13.100.72,3,1/9/2021,1:05 AM,55714-4596,11,1,17,1,6,5,RECIEVED
406-cUHG2LKF,229.32.140.61,4,5/25/2020,11:41 AM,65044-6518,4,20,12,4,1,6,REQUESTED
833-mb3yjrtQ,132.13.100.72,5,1/1/2021,11:53 AM,49281-514,10,19,19,2,1,3,RECIEVED
425-fPJ0909w,176.231.9.124,3,11/1/2020,4:30 PM,0378-5504,10,5,8,5,2,4,RECIEVED
860-QqsIoWjj,229.32.140.61,1,7/7/2020,2:46 PM,49884-413,1,9,20,5,4,3,PROCESS
715-dU1SkgKq,132.13.100.72,1,1/6/2021,12:12 PM,36987-1793,3,18,15,4,6,2,PROCESS
125-dwQH7JtB,176.231.9.124,2,2/24/2021,12:19 AM,68258-6993,9,18,14,4,2,5,PROCESS
861-ur48vVTD,132.13.100.72,2,10/18/2020,11:28 AM,51079-461,4,8,10,6,5,1,DELIVERED
752-QBd11wo2,132.13.100.72,2,1/10/2021,1:51 PM,76138-202,16,1,6,2,5,6,RECIEVED
371-VN033rBU,176.231.9.124,5,12/25/2020,6:04 PM,13537-162,13,17,9,4,3,6,REQUESTED
149-1QIKbTwY,132.13.100.72,4,8/2/2020,9:23 PM,0527-1393,17,10,2,2,4,2,RECIEVED
639-4Dq7LdFl,229.32.140.61,5,10/29/2020,9:10 PM,49643-385,6,10,11,4,3,5,REQUESTED
748-RDJCQRa6,239.139.8.231,5,12/22/2020,2:12 PM,64376-604,10,17,11,6,5,6,PROCESS
787-gA4kcEVd,229.32.140.61,2,4/10/2020,1:05 AM,53808-0803,5,11,8,1,3,2,DELIVERED
330-wA42ui9A,176.231.9.124,5,8/16/2020,4:13 AM,62654-145,14,1,2,4,5,3,REQUESTED
548-87W678u6,176.231.9.124,4,6/6/2020,7:02 AM,55154-9557,10,20,10,2,4,1,PROCESS
502-j2V0XGM2,229.32.140.61,2,8/24/2020,12:16 AM,76113-012,15,17,15,3,6,2,RECIEVED
467-6xobzoca,239.139.8.231,1,5/9/2020,3:59 AM,0363-0987,2,3,2,4,6,2,RECIEVED
347-qaW4xqvs,239.139.8.231,1,4/20/2020,2:54 PM,99207-291,3,8,2,1,6,4,PROCESS
983-TsvMjjZd,239.139.8.231,2,5/14/2020,5:21 AM,36987-2532,7,3,19,6,6,3,PROCESS
907-4VbRnixL,239.139.8.231,3,4/27/2020,4:01 AM,68151-4982,19,4,1,2,1,2,PROCESS
286-QrNmCkCU,239.139.8.231,2,5/10/2020,4:02 PM,58503-038,13,20,15,1,5,1,PROCESS
354-qntmsuLa,229.32.140.61,5,3/22/2020,11:01 AM,64760-200,3,10,8,5,1,1,RECIEVED
659-uif6AxwY,132.13.100.72,3,11/5/2020,6:52 PM,61727-052,1,19,3,4,3,5,PROCESS
769-AST16WVj,229.32.140.61,1,9/21/2020,12:40 PM,0054-0036,13,11,1,4,5,2,RECIEVED
102-jBUVzq2E,229.32.140.61,2,3/13/2021,7:23 AM,0378-6169,12,5,14,2,3,3,PROCESS
604-fnUshTD7,132.13.100.72,3,11/1/2020,1:06 AM,0363-0151,7,13,9,1,1,2,RECIEVED
833-Wannu6Kr,176.231.9.124,3,2/22/2021,10:38 AM,63868-370,4,11,7,4,4,1,DELIVERED
835-BejlORKu,239.139.8.231,1,9/12/2020,1:40 PM,0006-0710,13,5,15,3,2,5,REQUESTED
286-m9j8OWtO,132.13.100.72,3,12/26/2020,6:20 AM,17089-291,11,15,16,1,6,3,PROCESS
839-PqA7fov0,239.139.8.231,2,5/20/2020,9:59 PM,76335-005,20,9,7,5,2,2,DELIVERED
084-TMSYBF9E,132.13.100.72,4,9/7/2020,3:21 PM,16714-587,11,9,19,5,3,2,RECIEVED
413-feb2qWc8,132.13.100.72,4,7/17/2020,3:23 PM,63029-611,13,19,5,4,6,5,REQUESTED
460-LWTUc0hu,239.139.8.231,1,3/1/2021,11:10 AM,30142-090,7,14,19,3,1,4,DELIVERED
351-KG4e80o7,229.32.140.61,4,8/16/2020,8:55 PM,68428-165,18,17,9,4,4,2,RECIEVED
055-1W0ieBpw,229.32.140.61,5,4/24/2020,4:42 PM,0363-7220,10,6,13,4,6,5,PROCESS
500-KUyigFkf,229.32.140.61,5,7/10/2020,11:14 PM,43857-0277,19,3,15,1,3,3,RECIEVED
118-z36zh196,176.231.9.124,2,1/16/2021,6:35 PM,23155-026,12,18,13,1,1,1,REQUESTED
955-xtaLrw4X,239.139.8.231,2,3/14/2021,7:52 PM,63629-1241,11,20,7,2,6,5,RECIEVED
756-ZYZojdUN,239.139.8.231,2,2/28/2021,5:22 PM,0024-5521,16,7,19,5,1,1,PROCESS
353-WwgVF9rK,239.139.8.231,1,3/29/2020,8:03 AM,52124-1154,9,18,20,2,3,1,RECIEVED
347-EQ8Dzy0K,229.32.140.61,3,11/29/2020,4:43 AM,0113-0065,20,14,15,1,6,6,RECIEVED
581-6NNw2bZm,229.32.140.61,1,6/24/2020,5:54 AM,41477-420,1,3,14,2,4,2,REQUESTED
484-5E6vTKio,132.13.100.72,4,5/27/2020,4:20 AM,0591-3359,4,5,11,1,1,5,DELIVERED
305-mx1d4E6Q,132.13.100.72,5,3/30/2020,7:04 AM,61722-064,14,14,19,3,3,4,PROCESS
850-HPZwMj4K,239.139.8.231,4,11/1/2020,10:52 AM,63868-995,2,1,15,3,2,4,RECIEVED
441-Lsz1bZhW,176.231.9.124,4,11/1/2020,1:11 AM,54738-907,11,15,13,2,5,5,DELIVERED
294-0qgB6dTk,239.139.8.231,4,7/10/2020,3:14 PM,48951-9008,2,18,17,5,1,4,DELIVERED
140-xRSzfnmB,132.13.100.72,3,9/24/2020,10:12 PM,52904-430,9,20,14,5,4,1,RECIEVED
632-LfPBT5q4,239.139.8.231,5,2/18/2021,8:19 AM,0406-0532,6,17,5,2,6,4,REQUESTED
998-F7ZtNQff,239.139.8.231,5,9/24/2020,11:25 AM,57520-0940,11,8,3,5,2,3,REQUESTED
750-bVDL6VzB,239.139.8.231,4,4/13/2020,12:54 AM,11084-147,10,6,6,4,3,4,REQUESTED
778-RvJxKqaU,229.32.140.61,3,8/11/2020,3:56 PM,43498-201,5,6,3,2,1,3,RECIEVED
036-QL8LuDR0,176.231.9.124,1,3/21/2020,6:16 PM,52125-562,10,10,19,6,1,1,REQUESTED
359-rp3kZoqc,239.139.8.231,1,1/9/2021,4:14 AM,0378-5043,2,3,4,3,3,5,PROCESS
393-8GXkUQCg,239.139.8.231,4,6/19/2020,10:10 PM,0456-2614,12,9,16,5,1,4,PROCESS
367-XsT7adJH,229.32.140.61,4,6/27/2020,7:22 AM,67510-0305,5,17,7,6,2,5,PROCESS
786-1elaKdjf,229.32.140.61,3,4/7/2020,7:50 AM,36987-1353,8,1,2,2,6,5,RECIEVED
547-qGgFyCUb,239.139.8.231,3,3/10/2021,8:27 PM,29033-004,5,20,5,1,6,4,DELIVERED
312-DIKDrri2,176.231.9.124,5,4/4/2020,10:50 AM,58668-2131,4,14,8,1,4,4,DELIVERED
059-GmB6qazg,132.13.100.72,3,2/1/2021,3:55 AM,52125-548,11,2,19,5,3,4,PROCESS
490-T46qujmW,132.13.100.72,4,6/26/2020,10:21 AM,55648-994,5,17,13,1,5,3,RECIEVED
107-1pkzj2oy,229.32.140.61,1,5/17/2020,1:40 PM,37205-719,9,19,11,1,1,5,DELIVERED
144-JK0LIvQV,239.139.8.231,5,12/24/2020,12:31 AM,58414-3505,7,7,11,2,3,1,RECIEVED
042-cfv8Ywyh,239.139.8.231,1,9/3/2020,1:46 PM,43269-760,5,2,13,1,2,4,DELIVERED
329-9y0aPCrr,176.231.9.124,3,7/9/2020,7:04 PM,60512-1013,14,15,7,2,1,2,RECIEVED
629-FA3c8R34,132.13.100.72,3,11/1/2020,2:55 PM,68084-446,13,1,6,3,1,6,DELIVERED
829-JNvcZBHb,132.13.100.72,5,7/17/2020,12:34 PM,0591-2315,16,1,14,6,2,4,RECIEVED
769-14T7EZjs,132.13.100.72,1,4/8/2020,3:50 PM,33261-348,20,20,17,2,6,1,REQUESTED
564-qmwSgkdO,176.231.9.124,2,3/21/2020,11:07 PM,10812-202,6,6,12,2,4,6,DELIVERED
199-kZBbfQlY,229.32.140.61,5,12/17/2020,9:23 PM,0378-0335,2,14,1,2,2,1,PROCESS
324-2retojFB,239.139.8.231,2,11/2/2020,12:07 PM,62670-4803,8,5,12,4,1,3,DELIVERED
573-rMNE9cfR,132.13.100.72,5,7/30/2020,8:57 AM,55111-172,15,7,3,4,5,1,DELIVERED
678-qqJ0R7J6,176.231.9.124,4,1/27/2021,12:33 PM,68258-7013,13,4,11,3,2,1,RECIEVED
157-ba9D6OFs,176.231.9.124,4,10/31/2020,6:11 PM,53489-148,14,5,10,5,1,6,RECIEVED
799-heZ4wkuu,229.32.140.61,5,8/6/2020,3:49 AM,21130-236,9,2,10,5,2,4,RECIEVED
950-d2Nuim2B,229.32.140.61,2,2/28/2021,8:57 PM,52959-463,16,13,4,1,3,5,RECIEVED
071-SSCrcFW5,176.231.9.124,2,6/6/2020,5:09 PM,68026-115,18,2,3,1,3,2,DELIVERED
510-ZHmtlN0x,132.13.100.72,1,1/23/2021,7:58 AM,63323-283,11,9,6,5,4,2,DELIVERED
543-fRY2zCGr,132.13.100.72,4,4/13/2020,6:11 PM,43269-776,16,2,12,2,1,3,DELIVERED
001-UeUZcSPT,239.139.8.231,3,5/12/2020,6:04 AM,79596-096,20,14,2,1,3,5,REQUESTED
941-KFkNm7Fu,132.13.100.72,3,12/20/2020,11:32 AM,43419-865,4,3,17,6,2,6,REQUESTED
314-a21o0V96,239.139.8.231,3,1/21/2021,11:40 AM,17714-025,9,5,12,2,1,6,REQUESTED
501-UXr9snpz,176.231.9.124,1,5/28/2020,7:32 PM,54868-5722,15,7,11,5,2,4,REQUESTED
504-0KxUu6vi,176.231.9.124,1,5/10/2020,2:39 PM,31645-176,17,20,6,2,2,3,DELIVERED
173-1USXoxQg,176.231.9.124,1,2/20/2021,7:12 PM,17478-892,13,17,6,1,3,6,REQUESTED
640-9DIkFLZz,239.139.8.231,2,11/1/2020,9:47 PM,59062-1238,19,7,19,2,5,6,PROCESS
166-QU6Q35gF,176.231.9.124,4,2/18/2021,10:03 AM,51862-163,4,1,15,2,4,1,RECIEVED
563-H3KtA1HY,132.13.100.72,1,7/15/2020,12:57 PM,76126-104,7,6,1,5,3,2,PROCESS
021-yT3HJLjM,229.32.140.61,4,1/15/2021,5:50 PM,0574-2002,6,18,6,2,5,5,DELIVERED
380-dbeJVwd3,176.231.9.124,5,3/17/2021,3:00 PM,64117-912,3,8,2,3,3,2,RECIEVED
957-fUThTXJ6,229.32.140.61,5,6/13/2020,7:55 AM,42858-903,20,14,19,4,4,3,REQUESTED
494-NHZgQEQI,176.231.9.124,4,11/12/2020,7:06 AM,55154-3875,12,2,6,5,1,5,PROCESS
302-8D8Te6bb,176.231.9.124,2,4/2/2020,12:41 AM,54868-0836,5,6,1,6,3,4,REQUESTED
792-Fmbhiha1,176.231.9.124,5,2/27/2021,8:25 PM,0942-9502,1,16,12,6,6,4,PROCESS
423-lluQSy8M,239.139.8.231,4,10/11/2020,10:51 AM,0178-0900,17,5,1,2,1,2,REQUESTED
201-bUNq97iK,229.32.140.61,4,4/2/2020,2:30 AM,10893-350,6,7,10,3,4,6,PROCESS
892-kGPwKEFG,229.32.140.61,2,11/5/2020,2:01 PM,52533-157,15,20,8,6,4,2,REQUESTED
342-0wTMLUYl,229.32.140.61,1,8/3/2020,5:26 PM,68151-1980,8,8,15,4,3,4,REQUESTED
272-sSmsRmi3,239.139.8.231,1,4/24/2020,12:50 AM,16590-059,1,10,16,5,2,2,DELIVERED
563-of5UbxYz,176.231.9.124,3,3/31/2020,5:20 PM,37808-422,9,17,19,3,1,3,REQUESTED
397-zTwC9TQB,239.139.8.231,4,6/1/2020,6:59 AM,24236-234,8,8,16,1,3,6,PROCESS
007-M0IjiQB0,229.32.140.61,2,8/12/2020,2:31 AM,63776-451,11,3,11,3,6,1,DELIVERED
290-ob0gDqXT,239.139.8.231,5,10/16/2020,9:44 PM,10158-085,10,9,4,6,2,3,REQUESTED
497-PI5FEIVJ,229.32.140.61,2,10/7/2020,10:38 PM,49348-389,19,16,13,4,1,2,PROCESS
171-ZrPiYg2o,229.32.140.61,1,3/7/2021,1:53 PM,49288-0236,13,8,3,3,3,1,DELIVERED
405-HltXmeiJ,176.231.9.124,4,8/15/2020,9:17 AM,0363-0379,19,13,11,2,1,2,PROCESS
517-dkbZNgc7,176.231.9.124,4,12/7/2020,7:22 PM,0069-0106,10,20,6,6,1,4,RECIEVED
275-1Lrr1STz,239.139.8.231,1,6/10/2020,2:14 PM,44523-338,7,9,16,3,2,1,RECIEVED
024-s8IlTWuY,176.231.9.124,5,11/8/2020,7:33 PM,0264-7800,6,18,2,2,5,2,REQUESTED
197-Ov0jWCl0,132.13.100.72,5,4/25/2020,8:47 AM,33261-045,5,1,9,6,5,2,RECIEVED
328-yT2HLKqY,132.13.100.72,1,12/24/2020,5:34 PM,52544-967,16,11,18,6,3,1,RECIEVED
262-dV0mgmty,132.13.100.72,5,1/9/2021,12:04 PM,51531-9480,12,10,20,2,2,6,PROCESS
957-dmBviC4c,176.231.9.124,5,10/25/2020,1:58 PM,54868-3049,12,12,11,3,2,2,DELIVERED
420-RaYNbdH6,132.13.100.72,2,1/6/2021,3:11 PM,0904-6334,20,2,14,1,5,1,DELIVERED
131-e8vJ289T,176.231.9.124,4,2/21/2021,3:25 AM,0378-6725,1,20,15,3,3,2,RECIEVED
997-VOmwz04D,229.32.140.61,3,6/1/2020,7:41 AM,10006-010,15,3,16,6,4,3,PROCESS
004-hfZv0F7e,176.231.9.124,4,7/20/2020,3:04 AM,68084-622,12,17,4,1,3,3,PROCESS
528-0Etf6Qh5,176.231.9.124,1,7/13/2020,11:58 AM,55312-404,11,1,1,2,2,1,PROCESS
154-bcMVqLOp,239.139.8.231,5,6/29/2020,11:46 AM,51009-100,13,13,8,5,3,3,DELIVERED
914-6tLhV8tE,132.13.100.72,5,12/26/2020,11:12 AM,21695-321,18,19,7,6,1,4,REQUESTED
014-96AwF7Cw,132.13.100.72,3,4/10/2020,12:34 AM,0065-0271,9,6,7,4,6,1,PROCESS
930-5Z9nu376,229.32.140.61,4,12/29/2020,11:05 AM,68382-179,3,20,10,1,6,3,DELIVERED
815-hyv9wqGy,176.231.9.124,3,7/20/2020,12:00 PM,68001-140,20,16,6,3,4,1,RECIEVED
654-DgYjTA3m,132.13.100.72,3,12/25/2020,4:08 AM,37808-092,6,13,11,3,4,3,PROCESS
560-ZdzOTQ71,132.13.100.72,1,6/19/2020,9:44 AM,49349-642,7,3,4,6,6,2,DELIVERED
125-kYAyvpeU,229.32.140.61,1,2/26/2021,4:33 PM,61767-406,8,12,14,1,1,2,DELIVERED
474-RVNZQcZC,132.13.100.72,4,2/15/2021,5:29 PM,68462-209,12,17,13,5,1,6,DELIVERED
762-E6qykEnh,229.32.140.61,1,7/25/2020,4:15 PM,61767-304,14,10,14,5,4,4,DELIVERED
610-y1bwtqLr,176.231.9.124,1,7/24/2020,11:13 AM,24385-135,20,13,18,6,2,3,DELIVERED
187-0m0XccHN,132.13.100.72,3,10/19/2020,11:56 AM,42627-259,1,5,13,4,6,2,DELIVERED
371-TxEWz7Gt,239.139.8.231,1,12/11/2020,11:23 AM,43269-636,11,12,3,3,3,4,RECIEVED
551-9hyApDMu,239.139.8.231,2,9/17/2020,2:04 PM,65517-0013,20,3,19,5,3,3,PROCESS
029-lfJulwl9,132.13.100.72,3,10/9/2020,8:14 AM,64376-612,5,5,2,3,1,6,RECIEVED
940-2KMonkUX,239.139.8.231,2,1/14/2021,6:40 AM,36987-2574,18,8,10,3,4,1,DELIVERED
808-bQqM8ixa,239.139.8.231,4,10/2/2020,4:10 PM,62011-0157,3,18,8,6,6,4,PROCESS
058-w6UWworm,229.32.140.61,3,1/5/2021,6:07 AM,64679-728,5,15,9,4,4,6,RECIEVED
906-hlSZPQEv,239.139.8.231,4,12/3/2020,4:02 PM,55681-215,18,7,10,3,2,2,PROCESS
276-wQlCKndT,132.13.100.72,3,6/27/2020,2:21 AM,60512-6598,16,4,9,1,6,1,RECIEVED
402-duQWJfHA,229.32.140.61,4,6/26/2020,7:02 AM,0074-3455,17,8,5,3,5,5,RECIEVED
563-2kwBiKU6,132.13.100.72,2,11/13/2020,2:16 PM,25021-651,11,17,14,3,3,6,DELIVERED
527-2IlO4yZu,229.32.140.61,3,1/1/2021,3:07 PM,61722-061,17,3,12,5,4,4,RECIEVED
448-oufxHU5I,239.139.8.231,3,5/10/2020,3:11 AM,52731-7032,8,4,5,4,6,4,REQUESTED
381-OsOOIhxw,229.32.140.61,5,8/25/2020,5:36 AM,0615-7667,18,14,16,4,3,4,RECIEVED
024-h4MTq9me,229.32.140.61,5,8/12/2020,1:22 AM,0597-0047,1,8,16,6,3,5,PROCESS
174-6VcVwPAh,239.139.8.231,5,7/31/2020,7:32 AM,49884-640,16,6,2,1,5,6,RECIEVED
597-wlUbyx0m,229.32.140.61,3,10/9/2020,9:02 PM,49967-983,4,7,5,2,5,1,PROCESS
024-qWm4g8eh,176.231.9.124,2,5/4/2020,1:55 AM,50436-9983,9,3,15,4,1,4,PROCESS
693-AhWx1lUp,239.139.8.231,5,5/29/2020,4:14 PM,59767-008,7,8,18,2,6,4,PROCESS
962-aXz8vdYU,176.231.9.124,2,3/13/2021,12:17 PM,61748-015,18,19,7,5,1,4,PROCESS
587-00Susy6p,239.139.8.231,5,6/23/2020,8:52 PM,55154-5706,5,16,6,4,5,1,PROCESS
083-kcDQahaD,229.32.140.61,5,12/11/2020,1:13 PM,55910-620,20,8,9,1,6,2,PROCESS
295-t6TESpGE,229.32.140.61,4,3/5/2021,12:14 AM,52584-710,1,10,8,4,6,4,REQUESTED
911-17A8i0Wa,229.32.140.61,5,8/29/2020,4:32 PM,0172-5034,12,12,17,1,6,5,RECIEVED
807-ID0kdogq,229.32.140.61,3,6/30/2020,8:12 PM,0517-8201,8,16,4,5,2,4,DELIVERED
770-yIcxqHwU,176.231.9.124,3,1/21/2021,7:54 PM,64205-211,4,18,16,1,2,2,DELIVERED
576-fKx9dLM0,239.139.8.231,5,2/16/2021,11:37 AM,15127-555,20,20,14,3,2,3,REQUESTED
482-mSFxcZtb,176.231.9.124,3,6/13/2020,12:41 PM,67618-100,19,16,5,4,2,1,DELIVERED
763-Kn3CSOLP,229.32.140.61,5,3/24/2020,4:07 PM,63323-272,13,14,15,6,2,6,RECIEVED
054-hzcDS0g8,239.139.8.231,3,7/27/2020,8:01 PM,59779-931,2,1,16,1,3,6,RECIEVED
150-VIeyMUHO,239.139.8.231,4,5/27/2020,11:06 PM,55289-814,17,9,19,6,4,3,DELIVERED
911-P6A24KXl,132.13.100.72,3,9/3/2020,7:39 PM,10191-1829,14,2,17,1,4,4,DELIVERED
007-oWzY5iqL,132.13.100.72,1,10/27/2020,10:03 AM,55910-911,6,16,18,5,2,1,REQUESTED
744-NyeOnNv0,229.32.140.61,3,10/24/2020,10:01 PM,55111-292,18,2,9,4,3,2,REQUESTED
054-OiHTpSFr,176.231.9.124,4,9/16/2020,8:46 AM,57955-7302,3,15,17,2,4,1,DELIVERED
797-XVgRTi1b,239.139.8.231,3,2/12/2021,11:35 PM,49643-314,16,6,14,3,6,5,RECIEVED
126-I5tQTYyC,176.231.9.124,1,10/7/2020,5:41 AM,53808-0635,8,12,9,2,5,2,DELIVERED
867-PCGNd9JK,229.32.140.61,5,3/6/2021,12:11 AM,41520-611,15,5,7,1,3,2,RECIEVED
036-TPOeFEQ5,229.32.140.61,3,4/2/2020,8:27 AM,51706-305,1,17,15,1,3,6,REQUESTED
173-9jHhIQ52,176.231.9.124,4,7/15/2020,12:33 PM,49288-0010,6,1,12,6,2,5,RECIEVED
356-l59HvySr,132.13.100.72,4,5/25/2020,10:40 PM,43353-830,11,14,6,1,1,5,REQUESTED
268-Uk05rGKD,229.32.140.61,5,9/12/2020,12:01 PM,49288-0832,12,10,14,3,5,6,RECIEVED
734-p7mn1O5Q,239.139.8.231,5,4/26/2020,8:12 PM,54575-389,20,7,19,3,1,3,RECIEVED
162-8StEMXRb,132.13.100.72,5,10/16/2020,2:09 AM,61958-1302,2,16,9,1,1,4,REQUESTED
219-JFB4tPxA,239.139.8.231,5,2/14/2021,10:03 PM,68026-524,9,7,17,3,2,5,DELIVERED
387-i5SmUTEb,176.231.9.124,2,4/4/2020,10:20 AM,0378-2072,12,4,17,2,1,3,DELIVERED
614-AiBbw1Vb,132.13.100.72,3,8/13/2020,10:31 PM,0168-0004,14,7,5,4,2,1,PROCESS
328-95JRXEqE,229.32.140.61,5,2/14/2021,1:19 PM,55465-002,17,3,15,4,2,1,DELIVERED
051-0wMQbS0m,239.139.8.231,1,12/7/2020,7:28 AM,42291-162,5,4,2,6,6,4,RECIEVED
696-mVI5Lv5c,229.32.140.61,2,12/22/2020,1:37 PM,58668-2511,11,4,11,3,4,3,DELIVERED
708-0U5cvoc9,132.13.100.72,1,12/25/2020,5:45 AM,51824-474,6,11,11,4,2,5,DELIVERED
378-nLL8hN8v,229.32.140.61,2,10/28/2020,9:35 PM,55714-4438,8,4,3,3,1,4,PROCESS
221-tfIbcegR,132.13.100.72,3,12/25/2020,3:43 AM,62362-159,3,2,10,2,4,4,PROCESS
440-cDJcwlGM,132.13.100.72,1,4/12/2020,2:45 AM,0088-2160,1,5,11,4,1,2,REQUESTED
301-tzTUKXto,229.32.140.61,1,1/20/2021,8:33 AM,66975-103,11,14,20,6,2,1,REQUESTED
946-BeGR8zm0,176.231.9.124,2,8/31/2020,1:13 PM,51079-104,1,4,2,6,6,4,PROCESS
753-CsgQS8RJ,229.32.140.61,5,9/1/2020,12:39 AM,50845-0125,3,18,15,2,2,3,REQUESTED
411-S2Ia72CU,229.32.140.61,5,2/7/2021,2:29 PM,51668-401,10,15,6,4,1,5,PROCESS
532-PbXymX6y,239.139.8.231,5,9/29/2020,1:44 PM,76214-047,13,6,14,4,5,2,REQUESTED
263-bdVn6MVF,132.13.100.72,5,12/23/2020,5:49 PM,49288-0038,11,15,1,2,3,2,REQUESTED
919-FSLteq4o,176.231.9.124,5,12/29/2020,4:24 PM,48951-9085,9,10,16,5,6,3,RECIEVED
845-lZwtUXoU,239.139.8.231,1,3/10/2021,1:56 AM,36800-101,12,1,3,1,6,5,REQUESTED
421-MkXMJRpM,239.139.8.231,1,7/16/2020,7:22 AM,57520-0032,10,19,5,3,6,5,RECIEVED
312-4dl0itlD,239.139.8.231,2,9/27/2020,4:21 AM,0054-0045,20,5,3,6,5,5,DELIVERED
433-OziGQhWt,176.231.9.124,4,8/31/2020,9:22 AM,53145-039,13,8,13,4,6,4,RECIEVED
167-hVGce7r5,132.13.100.72,4,10/5/2020,12:23 AM,55154-2418,11,20,16,2,5,2,REQUESTED
054-qO9ZR1zB,239.139.8.231,1,6/10/2020,7:55 PM,49349-070,10,12,16,3,6,2,DELIVERED
008-BBAIfYfI,176.231.9.124,2,1/2/2021,4:22 PM,58232-0711,8,14,4,4,1,1,RECIEVED
193-pE5Cn8DZ,239.139.8.231,5,4/14/2020,11:28 AM,0409-7666,13,15,18,3,6,6,PROCESS
431-j5zUBbKM,176.231.9.124,5,1/13/2021,8:20 PM,0173-0644,4,16,19,2,4,4,RECIEVED
821-FY0AOlgU,239.139.8.231,5,3/26/2020,10:46 AM,68462-329,7,1,5,4,3,2,REQUESTED
352-NXvlyk1n,176.231.9.124,5,6/2/2020,8:14 PM,37808-980,18,5,13,6,3,1,REQUESTED
001-AMGMGWeX,229.32.140.61,1,3/2/2021,7:01 PM,65044-1630,10,2,10,3,5,1,RECIEVED
297-I5NyZ6pU,176.231.9.124,4,4/23/2020,4:27 PM,55714-2262,5,16,18,2,3,5,PROCESS
493-KK2HSL7o,239.139.8.231,4,10/15/2020,5:29 PM,67871-111,10,4,5,2,4,4,RECIEVED
380-myZnhhdA,229.32.140.61,2,3/14/2021,10:17 PM,57955-5055,11,14,8,1,2,5,REQUESTED
041-YtdKsACc,176.231.9.124,5,12/27/2020,9:04 PM,67296-0643,6,2,6,2,3,2,RECIEVED
491-0nUqzPZp,132.13.100.72,1,12/22/2020,6:58 PM,10096-0253,18,2,14,5,2,1,REQUESTED
534-Q1Iq1mQz,176.231.9.124,5,12/7/2020,6:46 PM,23155-500,19,6,17,6,6,6,PROCESS
247-ulDpA6Xh,176.231.9.124,1,10/15/2020,2:04 PM,37205-488,10,10,3,5,2,2,DELIVERED
310-XmV1OozM,132.13.100.72,1,5/19/2020,7:31 AM,59762-1520,4,9,7,1,1,2,RECIEVED
945-cJU3swEq,239.139.8.231,2,12/19/2020,10:46 AM,51079-782,8,9,4,4,5,6,PROCESS
099-w7gp5AKH,176.231.9.124,1,9/1/2020,11:44 AM,68770-102,17,18,15,6,1,1,RECIEVED
555-VMM5KRx0,132.13.100.72,3,8/6/2020,3:49 AM,54569-5912,11,15,1,6,1,5,PROCESS
323-3fuLV4MH,176.231.9.124,2,6/23/2020,5:07 AM,37012-255,3,2,17,3,2,5,DELIVERED
569-9OfuZcI2,239.139.8.231,4,4/2/2020,4:51 AM,35356-939,2,2,12,2,1,2,REQUESTED
411-ode5Ngn5,176.231.9.124,5,8/21/2020,7:38 PM,67510-0505,10,7,16,6,3,6,RECIEVED
649-Rc9g27Od,239.139.8.231,2,4/10/2020,10:09 AM,59726-026,18,14,1,4,5,4,PROCESS
279-Y8idwipE,229.32.140.61,4,8/26/2020,11:05 AM,42507-977,10,6,15,5,5,6,REQUESTED
674-EPSwjobh,229.32.140.61,3,1/18/2021,5:02 PM,64942-1059,20,19,9,5,4,5,REQUESTED
868-LD3ibDXT,132.13.100.72,2,9/7/2020,8:28 AM,67544-373,14,3,20,4,6,3,DELIVERED
790-wQzgxUpT,132.13.100.72,2,5/19/2020,1:25 AM,42507-178,20,16,2,4,2,4,DELIVERED
756-FBFYXwf4,132.13.100.72,3,1/3/2021,6:05 PM,69152-0001,12,20,18,3,6,2,REQUESTED
867-2nXsYRFF,176.231.9.124,1,5/10/2020,1:59 AM,0228-2837,1,8,5,4,3,1,RECIEVED
460-foP4w0oB,132.13.100.72,4,2/20/2021,4:22 PM,21130-826,10,2,11,6,5,2,DELIVERED
531-rz0jc0Z6,176.231.9.124,4,12/3/2020,11:08 AM,54633-201,20,9,16,6,4,6,REQUESTED
078-YVoSQSlX,229.32.140.61,4,10/28/2020,11:17 PM,52584-569,12,12,11,4,2,2,DELIVERED
066-Ed0NtCi1,239.139.8.231,5,12/25/2020,1:59 PM,55154-0120,12,17,6,2,5,3,DELIVERED
858-qFX6rjUp,229.32.140.61,5,4/9/2020,11:31 PM,0179-8711,3,7,18,1,1,6,PROCESS
943-tmg0tsXq,176.231.9.124,4,1/11/2021,5:33 PM,0904-6344,2,6,12,5,2,4,DELIVERED
716-8LV0okS0,229.32.140.61,3,10/26/2020,5:31 PM,0409-4169,16,6,4,3,5,4,DELIVERED
342-HFsjrg0T,176.231.9.124,4,4/23/2020,3:28 PM,49955-680,14,17,17,6,6,4,REQUESTED
225-ttDjGzZr,176.231.9.124,1,12/6/2020,6:30 PM,68788-9102,17,1,9,5,5,5,DELIVERED
538-H0qQjK7E,239.139.8.231,4,10/31/2020,4:17 AM,60505-0080,15,2,14,2,2,6,PROCESS
185-a5gEVL5V,176.231.9.124,5,11/6/2020,7:07 AM,68210-0102,15,4,17,4,5,1,DELIVERED
011-po1tpPgk,132.13.100.72,2,1/11/2021,10:44 PM,53057-005,13,6,20,3,4,4,RECIEVED
558-7VQHIhFi,132.13.100.72,5,9/27/2020,12:11 PM,33261-683,2,4,14,1,5,6,RECIEVED
804-PiE61psu,229.32.140.61,4,1/16/2021,1:45 PM,68605-2002,1,11,14,1,2,3,DELIVERED
163-mcxf6U21,176.231.9.124,1,9/14/2020,3:49 PM,68745-1127,19,1,19,2,6,6,RECIEVED
522-LHLeCB9y,239.139.8.231,3,4/11/2020,9:38 PM,55316-041,13,3,18,1,1,2,REQUESTED
294-94N0fQh0,176.231.9.124,2,8/22/2020,7:55 PM,43063-234,19,4,5,3,5,1,REQUESTED
846-SHI1YefE,176.231.9.124,2,1/20/2021,6:24 AM,0363-0773,18,13,15,5,5,4,RECIEVED
757-W0lPuaa9,239.139.8.231,5,7/22/2020,8:45 PM,54288-103,7,13,6,5,6,3,PROCESS
592-MbHmx5b1,176.231.9.124,1,2/4/2021,3:22 AM,58232-6003,20,19,15,3,6,3,REQUESTED
059-1foYEVsc,132.13.100.72,5,9/2/2020,11:42 PM,54569-5638,20,7,8,1,6,5,RECIEVED
241-1VM9xiOp,229.32.140.61,1,2/15/2021,1:47 PM,45802-710,2,12,9,4,5,4,REQUESTED
837-8nS02CE5,132.13.100.72,1,4/27/2020,4:52 PM,37012-078,5,12,3,4,4,6,REQUESTED
135-rP736a9g,239.139.8.231,4,2/20/2021,10:15 PM,55714-2005,1,16,9,3,2,4,PROCESS
403-bDOoo2wF,229.32.140.61,5,6/6/2020,4:51 PM,55289-926,6,11,6,1,3,2,PROCESS
878-bFjhUuy1,229.32.140.61,4,3/5/2021,6:25 PM,37012-732,15,15,11,4,5,4,RECIEVED
179-CMG8vV53,229.32.140.61,2,12/6/2020,11:26 PM,37808-404,1,1,16,5,6,1,DELIVERED
794-Kzk7NodP,229.32.140.61,5,8/30/2020,12:46 PM,63629-4060,17,17,6,5,3,2,RECIEVED
409-Hi0DghyE,229.32.140.61,2,7/6/2020,2:21 PM,59779-887,3,10,5,4,4,4,DELIVERED
000-ozJ6Fed6,176.231.9.124,4,11/11/2020,7:03 AM,0091-4087,8,15,3,4,2,3,PROCESS
504-xEmiQk1U,176.231.9.124,4,11/21/2020,7:36 AM,63783-210,1,6,18,2,3,2,PROCESS
460-igWsMdUM,239.139.8.231,1,9/19/2020,6:59 AM,52125-235,10,19,1,3,3,3,REQUESTED
041-Nt4L2o4M,132.13.100.72,2,12/18/2020,12:03 AM,49527-013,15,1,16,1,3,2,RECIEVED
269-d4Ilwyxb,229.32.140.61,2,8/7/2020,1:49 PM,56062-908,12,15,14,3,5,3,REQUESTED
200-AlEJ7wSn,229.32.140.61,5,7/28/2020,7:10 AM,53489-479,5,20,7,6,3,3,RECIEVED
209-lCeGumAF,176.231.9.124,4,7/12/2020,12:09 PM,10477-7749,2,9,18,4,3,5,PROCESS
983-MAUCPcmt,229.32.140.61,1,9/17/2020,4:00 PM,21695-119,18,15,10,2,6,4,PROCESS
855-TIoQZjyg,176.231.9.124,1,7/25/2020,4:11 PM,0187-0063,9,8,8,4,5,4,RECIEVED
048-m5faDX8D,132.13.100.72,3,12/14/2020,10:04 PM,63629-3390,15,3,13,3,4,3,REQUESTED
743-iZTWGLRg,176.231.9.124,1,11/22/2020,10:15 PM,68387-420,1,12,7,2,6,2,REQUESTED
305-JBJiE9F0,176.231.9.124,1,3/12/2021,12:34 PM,17856-1508,9,11,16,5,2,3,RECIEVED
612-OxTQNxiZ,229.32.140.61,2,4/30/2020,12:35 PM,68788-9113,2,5,20,4,2,4,PROCESS
737-zuKlzIny,239.139.8.231,4,4/1/2020,5:03 PM,0187-0054,19,3,1,2,4,4,PROCESS
548-yUavwC8f,229.32.140.61,3,3/17/2021,2:35 PM,0268-1253,16,18,6,2,2,1,DELIVERED
066-2q67TBR0,229.32.140.61,1,4/8/2020,12:44 AM,49908-137,7,12,19,6,5,4,REQUESTED
044-J6560wao,132.13.100.72,2,4/9/2020,8:49 PM,52533-137,17,7,15,6,1,6,PROCESS
882-nDJT0gRB,176.231.9.124,1,12/18/2020,5:45 PM,60505-3620,15,5,3,5,2,3,REQUESTED
497-JPxiUgkM,176.231.9.124,1,10/7/2020,6:02 PM,42507-056,10,5,13,2,3,5,REQUESTED
677-5fuATKV6,229.32.140.61,2,3/13/2021,6:31 AM,41163-871,2,2,7,1,4,6,DELIVERED
789-yPymEkEG,176.231.9.124,1,9/29/2020,8:02 PM,42637-819,12,17,14,1,4,2,REQUESTED
548-8EeS2gQp,176.231.9.124,3,2/10/2021,5:08 AM,65862-475,16,12,9,2,6,3,RECIEVED
049-6M43QrOt,132.13.100.72,3,8/28/2020,8:50 PM,50563-302,2,11,5,2,6,3,RECIEVED
656-HuDbWsNT,229.32.140.61,5,1/24/2021,12:24 PM,54776-003,6,10,11,1,4,1,PROCESS
062-EGGHu4I0,132.13.100.72,3,2/20/2021,1:55 AM,0093-0174,2,2,12,5,4,3,PROCESS
212-oQspUxw7,239.139.8.231,1,4/3/2020,7:45 PM,64778-0378,14,6,19,3,2,6,REQUESTED
821-xFNXRo8a,229.32.140.61,5,2/2/2021,6:39 AM,49967-934,5,15,1,1,2,2,PROCESS
103-m9Ne3vut,239.139.8.231,3,3/19/2021,12:13 AM,49288-0894,18,6,13,2,6,4,DELIVERED
737-Osxr1szM,229.32.140.61,2,9/9/2020,6:22 AM,0904-1087,1,9,14,1,3,3,REQUESTED
656-VGvjnLGg,176.231.9.124,4,5/3/2020,5:34 PM,64159-6343,8,7,12,2,5,2,RECIEVED
653-siuw4l21,229.32.140.61,2,7/1/2020,8:24 AM,37000-783,14,12,15,2,6,3,PROCESS
406-UTZbQIrb,229.32.140.61,3,7/26/2020,10:52 AM,25021-110,6,20,10,4,3,1,PROCESS
200-YmsfjTQk,132.13.100.72,1,1/13/2021,12:36 AM,59779-011,14,3,16,2,5,1,DELIVERED
424-pLGMUkPT,176.231.9.124,3,11/15/2020,10:42 AM,11086-047,5,3,18,3,1,1,PROCESS
072-oF2UtNfd,176.231.9.124,1,4/12/2020,8:03 AM,0641-6051,4,1,20,6,3,5,REQUESTED
623-gy5QnAUv,176.231.9.124,2,2/19/2021,6:02 AM,0338-0603,12,18,20,5,3,5,DELIVERED
107-fQtjTnBH,239.139.8.231,3,2/11/2021,6:05 PM,55154-0149,13,7,7,1,6,6,PROCESS
142-koc7jFwl,229.32.140.61,5,9/3/2020,11:02 PM,51138-046,2,8,2,6,4,1,RECIEVED
783-AOjLHnH0,239.139.8.231,4,5/16/2020,2:25 PM,24909-163,2,18,9,3,4,2,PROCESS
091-qZXfNQG7,229.32.140.61,2,2/6/2021,4:25 PM,0003-0524,15,9,9,5,3,1,REQUESTED
372-Az1euu45,229.32.140.61,4,7/3/2020,1:29 PM,0456-2613,1,13,5,5,6,6,RECIEVED
396-X5IXx27Z,229.32.140.61,5,11/11/2020,2:33 PM,52959-126,12,19,9,5,2,2,RECIEVED
799-OkcxbXuX,176.231.9.124,5,1/22/2021,3:50 AM,43419-020,13,19,11,5,4,5,REQUESTED
524-6u3I5VJ0,132.13.100.72,1,12/31/2020,8:39 PM,59779-340,14,15,18,1,5,6,RECIEVED
349-Rw8QCc5T,132.13.100.72,2,5/27/2020,2:37 PM,63824-127,4,16,7,4,2,4,PROCESS
794-l4UG672Q,239.139.8.231,2,7/23/2020,1:18 PM,0143-9709,4,5,15,1,4,4,REQUESTED
646-vO8VF3HC,229.32.140.61,4,2/24/2021,9:55 PM,37205-845,19,9,14,4,3,4,DELIVERED
180-AYV48nSN,229.32.140.61,1,10/24/2020,7:00 AM,47781-341,7,13,4,2,6,6,REQUESTED
446-8T2y2a1k,229.32.140.61,5,5/9/2020,5:33 AM,54868-3109,10,15,12,3,4,3,PROCESS
321-tSlbt8sr,176.231.9.124,1,10/1/2020,11:48 AM,0395-1207,10,1,13,1,4,3,RECIEVED
560-GQUJxUt0,176.231.9.124,2,11/1/2020,7:09 AM,41163-198,2,15,6,5,4,3,RECIEVED
161-i7nS3Kql,239.139.8.231,2,2/2/2021,1:19 AM,0781-9221,18,20,11,2,2,4,RECIEVED
795-wYPzvUO9,132.13.100.72,3,11/20/2020,8:34 AM,49738-897,20,14,9,4,6,2,DELIVERED
145-CWX8rZFr,229.32.140.61,5,6/13/2020,10:30 AM,0536-1881,13,6,10,6,3,5,PROCESS
629-21jGihCq,132.13.100.72,2,1/25/2021,3:19 PM,50580-295,1,5,19,5,2,4,REQUESTED
171-avF9ATN1,239.139.8.231,2,5/13/2020,4:53 PM,0517-1045,17,7,11,3,4,1,PROCESS
044-eeUBED5a,176.231.9.124,3,12/24/2020,5:07 AM,55154-3114,8,14,6,3,5,1,DELIVERED
077-XPlQchux,239.139.8.231,5,10/18/2020,12:56 AM,0713-0318,6,4,9,5,1,1,DELIVERED
883-NMkRsurq,239.139.8.231,2,10/11/2020,3:41 AM,64725-0327,11,18,5,1,3,5,REQUESTED
863-Ny29mC4A,239.139.8.231,3,7/16/2020,3:35 PM,0555-9066,16,9,4,3,4,3,RECIEVED
971-mChyi6Kh,176.231.9.124,2,6/19/2020,4:45 PM,41520-839,7,2,11,6,2,3,DELIVERED
281-iG39R2VR,176.231.9.124,3,10/23/2020,4:40 AM,0268-6135,17,20,12,1,1,3,DELIVERED
218-bKAk6p2s,176.231.9.124,4,1/19/2021,9:27 AM,64578-0114,2,2,10,2,2,2,REQUESTED
030-mMrUaPEO,229.32.140.61,3,2/3/2021,3:35 PM,62011-0174,17,8,1,2,4,6,PROCESS
277-ZqZHnMpO,176.231.9.124,1,1/9/2021,9:21 PM,0941-0413,11,5,3,3,4,4,PROCESS
111-Z63EFXmI,132.13.100.72,3,4/25/2020,4:48 PM,65862-071,15,1,13,1,5,1,PROCESS
427-oMJNACwb,239.139.8.231,1,6/25/2020,1:02 PM,15127-241,18,16,16,5,4,5,DELIVERED
544-w3M8rYwl,176.231.9.124,4,3/26/2020,1:03 PM,17478-420,15,9,7,4,5,2,RECIEVED
854-HCBqFTIS,132.13.100.72,3,11/7/2020,3:55 PM,0597-0116,8,12,9,6,2,2,RECIEVED
279-owrWRk5q,132.13.100.72,2,8/1/2020,3:51 PM,36987-1818,11,8,18,3,2,5,REQUESTED
283-QBTkXkCE,239.139.8.231,2,1/13/2021,11:54 AM,68788-9391,17,7,19,5,4,3,DELIVERED
859-Hozfpvs3,239.139.8.231,5,1/14/2021,4:33 PM,51079-170,6,2,19,6,4,1,DELIVERED
763-Nh3Nwarm,229.32.140.61,3,9/19/2020,4:16 PM,65517-1005,9,17,4,1,1,5,RECIEVED
265-NLaZ4hRR,176.231.9.124,4,1/22/2021,10:18 AM,60429-214,1,14,7,4,4,3,RECIEVED
375-Mpp0yi3C,132.13.100.72,1,4/14/2020,8:11 PM,52125-714,13,11,19,3,4,2,RECIEVED
864-Dbmy9hk6,132.13.100.72,4,8/25/2020,2:30 AM,0378-4001,12,17,4,4,2,2,RECIEVED
841-e70FKo3K,239.139.8.231,5,3/16/2021,10:28 PM,49401-104,11,3,2,6,1,5,RECIEVED
762-T6uaQ1UL,176.231.9.124,4,10/27/2020,4:39 PM,43333-443,7,6,11,3,2,3,RECIEVED
133-qrXyGiYZ,132.13.100.72,5,7/22/2020,6:41 PM,10671-022,11,7,5,3,6,6,REQUESTED
669-rlbIp5jY,239.139.8.231,1,11/4/2020,11:38 PM,37808-374,7,8,11,6,3,2,PROCESS
347-ZiprNgfS,132.13.100.72,1,8/12/2020,10:54 PM,63029-663,8,1,10,3,1,3,PROCESS
253-sjywW9zT,132.13.100.72,4,2/20/2021,5:05 AM,58414-3502,3,15,7,1,2,2,PROCESS
954-gOnTUNpA,229.32.140.61,2,6/25/2020,7:39 AM,49288-0390,12,12,8,2,2,2,DELIVERED
153-l5Ij3aLt,176.231.9.124,4,7/30/2020,9:34 AM,72036-230,18,2,1,1,6,5,RECIEVED
901-8gbruC5g,176.231.9.124,5,9/23/2020,2:51 PM,10544-277,19,16,9,5,5,2,DELIVERED
512-8oz8J913,239.139.8.231,4,9/11/2020,1:51 PM,0409-3815,4,13,9,5,6,5,PROCESS
187-4uCLCWOD,132.13.100.72,4,7/17/2020,5:18 PM,57469-005,5,9,7,3,4,4,REQUESTED
699-EVVTMU6d,176.231.9.124,5,11/8/2020,4:09 PM,76245-217,2,7,10,4,5,3,RECIEVED
182-Pe21dtwy,176.231.9.124,3,12/6/2020,12:09 PM,36987-1020,9,13,11,3,6,2,REQUESTED
911-riENIWyF,229.32.140.61,4,3/23/2020,9:29 AM,41250-975,8,8,1,5,1,2,RECIEVED
527-GAASL4XU,229.32.140.61,1,1/17/2021,1:18 AM,54868-5467,14,11,11,3,2,2,RECIEVED
953-fj1CL4KY,229.32.140.61,2,7/5/2020,8:36 AM,43063-532,14,17,6,3,3,4,REQUESTED
187-XU9l0tu1,176.231.9.124,5,6/24/2020,11:20 PM,76369-3001,3,3,7,3,1,1,REQUESTED
965-ugF8SRqf,176.231.9.124,5,11/3/2020,4:26 AM,63629-3243,4,17,6,4,1,3,PROCESS
398-sYWvZyxb,176.231.9.124,1,5/5/2020,10:31 PM,53808-0808,20,14,8,3,2,6,REQUESTED
743-5U2BZT21,132.13.100.72,1,5/15/2020,3:14 PM,60512-2003,10,13,7,2,1,5,PROCESS
540-IrYa0deb,132.13.100.72,5,11/1/2020,1:11 AM,0078-0598,8,16,2,3,2,3,DELIVERED
335-yH02TvXF,132.13.100.72,4,11/11/2020,4:40 PM,42806-012,17,17,19,1,4,1,REQUESTED
615-CLyZJej4,132.13.100.72,5,5/18/2020,9:10 PM,62584-452,13,6,9,2,4,1,REQUESTED
124-6RiCKDx5,229.32.140.61,2,8/17/2020,12:04 AM,0054-0028,11,6,2,2,5,2,PROCESS
099-eJLPgJct,176.231.9.124,1,9/10/2020,7:14 AM,21695-169,19,8,6,3,1,6,DELIVERED
667-CmvqwFwF,229.32.140.61,2,7/26/2020,12:41 PM,42669-001,1,19,15,3,5,4,PROCESS
816-T37PNeq1,239.139.8.231,3,7/24/2020,9:59 AM,37012-731,4,3,12,3,6,2,DELIVERED
367-uwGpXpRK,176.231.9.124,4,1/3/2021,6:02 PM,49349-722,4,11,5,6,3,5,RECIEVED
750-qo6tXDtI,239.139.8.231,1,6/26/2020,12:21 AM,61715-121,16,11,20,4,2,3,DELIVERED
665-fxqWtvb6,176.231.9.124,5,1/21/2021,6:09 AM,59279-514,15,17,8,5,6,1,DELIVERED
116-UqMjRTNm,239.139.8.231,2,3/24/2020,3:41 PM,49884-746,17,10,20,5,6,1,RECIEVED
394-0S3qI7p9,229.32.140.61,4,11/4/2020,4:39 AM,27495-013,7,11,14,6,6,3,DELIVERED
651-XwFsJR7E,229.32.140.61,5,3/11/2021,10:04 PM,55154-9417,19,8,14,1,6,6,PROCESS
924-V7x50SS2,132.13.100.72,4,8/12/2020,6:25 AM,36987-3330,10,6,2,6,6,1,REQUESTED
739-rb9qlZaR,176.231.9.124,3,2/7/2021,2:49 PM,60919-1073,14,19,13,6,6,6,RECIEVED
978-92tt11mS,132.13.100.72,2,8/14/2020,8:39 PM,62584-693,16,18,16,3,6,6,DELIVERED
893-6ZfzP0YY,239.139.8.231,5,6/30/2020,6:27 PM,37205-369,5,12,16,5,4,2,PROCESS
111-vhi1YZBj,132.13.100.72,2,6/17/2020,10:09 AM,58118-4012,5,11,11,5,6,6,DELIVERED
984-sLNRYdWb,176.231.9.124,1,9/19/2020,2:32 PM,43419-020,13,6,3,1,6,3,PROCESS
133-yy9EyqTG,239.139.8.231,1,7/3/2020,4:59 PM,0268-6735,16,1,11,3,1,2,RECIEVED
949-OPl5LVkG,176.231.9.124,1,2/27/2021,6:01 PM,33261-112,19,9,2,3,4,1,DELIVERED
660-SeoupZvu,239.139.8.231,2,1/25/2021,7:03 AM,55319-169,5,15,1,1,3,5,REQUESTED
750-zhDlAhQl,239.139.8.231,4,4/3/2020,6:28 PM,50268-335,1,2,17,2,4,4,PROCESS
133-OTFwoJ4w,132.13.100.72,2,5/21/2020,5:14 AM,51514-0332,10,14,1,2,2,1,RECIEVED
514-q56M03NF,176.231.9.124,1,12/2/2020,3:20 AM,0178-0650,18,18,6,4,4,6,RECIEVED
925-QpAru2Gh,132.13.100.72,4,11/29/2020,5:53 AM,37012-977,6,10,19,1,4,5,REQUESTED
991-RPiKgkK9,239.139.8.231,2,7/4/2020,9:27 PM,0268-1037,9,1,1,3,2,3,PROCESS
912-e22rBNbT,229.32.140.61,5,3/3/2021,3:30 PM,12634-933,20,14,13,1,1,3,REQUESTED
505-LVo0Uqbf,229.32.140.61,4,1/18/2021,5:01 AM,49348-379,8,5,2,2,6,1,PROCESS
179-Vd5JmEEy,239.139.8.231,4,4/14/2020,11:29 PM,11584-1032,9,1,8,6,4,2,PROCESS
994-VcnqLVNI,229.32.140.61,2,2/12/2021,5:49 PM,63629-1476,5,9,6,1,3,6,RECIEVED
929-RqZ1eXPU,176.231.9.124,2,9/5/2020,6:18 PM,55648-272,3,15,5,4,4,1,DELIVERED
092-QNBxXYKl,229.32.140.61,5,8/23/2020,5:09 AM,0573-0559,5,2,2,2,3,1,DELIVERED
463-WAyF52Rp,229.32.140.61,2,10/30/2020,7:45 PM,50845-0114,20,4,4,5,2,3,RECIEVED
271-2t7HAUz5,229.32.140.61,4,1/6/2021,6:03 PM,55289-017,11,10,17,6,2,3,DELIVERED
205-KdOch2aa,176.231.9.124,4,5/12/2020,9:37 PM,62175-710,1,19,11,6,1,4,RECIEVED
762-geKVKcue,176.231.9.124,5,8/19/2020,6:12 PM,0363-0536,3,5,5,4,2,2,DELIVERED
670-KWdJDD2e,239.139.8.231,4,8/9/2020,8:37 AM,68258-7056,13,13,7,4,2,1,DELIVERED
064-x8JiMHmu,239.139.8.231,3,4/5/2020,11:41 AM,0078-0604,6,9,1,3,4,5,DELIVERED
717-mlyAhput,132.13.100.72,5,4/30/2020,7:17 PM,64483-003,15,18,6,2,4,6,PROCESS
761-a9TTwxZM,229.32.140.61,4,9/3/2020,7:15 AM,0049-0170,8,3,13,3,2,6,PROCESS
895-mKLKHO6S,176.231.9.124,1,9/20/2020,2:25 PM,0179-1427,5,11,16,1,2,2,RECIEVED
974-le6JwhjV,132.13.100.72,4,5/12/2020,4:51 PM,49288-0057,9,13,11,4,4,2,REQUESTED
523-6GZ0MLeT,239.139.8.231,1,9/14/2020,7:15 AM,52993-125,1,13,6,3,6,5,PROCESS
912-TtBoVsfW,239.139.8.231,5,12/4/2020,9:48 PM,51672-5294,3,7,20,5,4,1,DELIVERED
509-Yr18PxpI,229.32.140.61,1,2/17/2021,11:21 AM,0591-5786,4,12,11,6,4,5,RECIEVED
069-CELKN4OH,176.231.9.124,5,11/4/2020,8:50 AM,54973-3101,5,3,2,4,3,1,RECIEVED
700-7UWINbd6,239.139.8.231,1,5/14/2020,7:44 AM,0615-7823,12,1,17,4,2,2,DELIVERED
861-bApcGvhi,239.139.8.231,1,7/10/2020,11:13 PM,57955-2291,7,20,15,1,3,6,REQUESTED
343-NH2EvJbF,132.13.100.72,3,8/11/2020,3:30 PM,0378-3205,6,7,19,6,3,2,DELIVERED
571-Ut1X499y,229.32.140.61,1,4/5/2020,7:29 AM,76134-1111,9,9,3,3,2,5,PROCESS
308-BZbKmTfp,239.139.8.231,3,7/29/2020,10:57 PM,54973-3187,13,9,15,6,2,1,REQUESTED
072-uxaZLmtk,176.231.9.124,2,10/19/2020,7:07 AM,59779-357,16,4,2,2,2,4,DELIVERED
538-ymGJWxr1,132.13.100.72,5,4/3/2020,1:21 AM,30142-016,5,8,6,6,2,2,PROCESS
569-5CpPtGqo,239.139.8.231,3,5/21/2020,11:29 AM,33261-014,4,11,7,3,6,1,RECIEVED
788-bW30YtHE,229.32.140.61,4,4/6/2020,10:08 AM,10096-0217,5,20,19,1,2,4,DELIVERED
254-hcQLxzHG,132.13.100.72,1,1/20/2021,11:20 PM,37205-650,4,17,3,4,3,5,PROCESS
372-gteazepk,239.139.8.231,3,12/4/2020,1:20 AM,35356-898,2,17,1,2,4,6,PROCESS
243-Phg7ECAi,229.32.140.61,5,1/9/2021,5:40 AM,52083-602,9,12,4,4,3,2,PROCESS
541-Fe5XlCAf,132.13.100.72,3,1/8/2021,12:04 PM,41520-030,13,8,14,1,1,2,REQUESTED
277-DT6RkJa7,132.13.100.72,3,10/26/2020,12:50 AM,59779-899,5,12,5,2,2,2,REQUESTED
301-41576qmD,239.139.8.231,5,3/13/2021,12:58 AM,50436-2607,13,7,11,3,2,3,RECIEVED
186-5PU24JD4,176.231.9.124,1,3/9/2021,12:17 PM,0944-3940,14,15,20,3,4,3,REQUESTED
241-j3MFWopa,176.231.9.124,5,11/29/2020,7:17 AM,37205-732,10,8,17,4,2,1,PROCESS
801-dPxbvQoP,239.139.8.231,5,8/25/2020,3:37 AM,11673-165,14,1,14,4,4,1,DELIVERED
118-RW7DzRY7,132.13.100.72,2,6/21/2020,9:00 PM,58930-025,20,19,1,1,2,1,RECIEVED
136-KR7fk3fW,239.139.8.231,4,12/23/2020,4:40 PM,49288-0667,16,19,10,4,3,5,DELIVERED
839-vx7xpjsr,132.13.100.72,3,2/11/2021,4:06 PM,36987-1198,10,13,12,6,5,2,DELIVERED
624-zMn1K1Ac,229.32.140.61,2,11/12/2020,9:28 AM,0409-7965,12,7,6,6,3,6,RECIEVED
642-fqXrPFn1,132.13.100.72,4,12/18/2020,9:43 PM,60637-014,15,12,5,4,3,4,RECIEVED
784-dPV8Y2I2,229.32.140.61,4,1/9/2021,10:22 PM,61197-000,17,7,2,2,3,2,DELIVERED
020-Dt0faxjc,176.231.9.124,5,3/26/2020,9:29 PM,68084-022,7,9,20,1,1,5,RECIEVED
019-BTNW2fUv,132.13.100.72,3,5/25/2020,10:28 AM,55648-737,6,14,15,6,5,1,DELIVERED
639-Mvi1itt1,239.139.8.231,2,10/16/2020,12:50 AM,63629-1514,2,11,17,1,6,6,RECIEVED
599-1cwCyuvU,229.32.140.61,3,1/2/2021,11:28 AM,68462-425,11,7,4,2,2,6,RECIEVED
190-7uOYQ5ZZ,176.231.9.124,5,11/22/2020,4:28 AM,60505-3669,20,10,11,2,2,5,REQUESTED
675-zmZiM6N8,239.139.8.231,4,11/3/2020,6:47 PM,55714-2211,10,13,11,2,3,3,REQUESTED
403-wm5qatm8,229.32.140.61,3,12/27/2020,12:18 PM,63517-506,5,2,13,2,6,5,DELIVERED
892-y32EFcYU,229.32.140.61,4,8/27/2020,4:58 PM,33342-068,4,1,15,4,4,4,RECIEVED
825-tzk4PydC,176.231.9.124,3,11/23/2020,4:23 PM,0143-9725,14,15,1,1,3,4,RECIEVED
137-uyppUTqK,132.13.100.72,1,6/21/2020,4:34 PM,11673-370,16,12,10,2,1,6,REQUESTED
214-fPiGoqwP,229.32.140.61,1,9/23/2020,7:38 AM,45264-004,5,16,1,5,1,3,PROCESS
411-4XHHRK11,239.139.8.231,2,12/31/2020,8:33 AM,60760-602,2,12,16,1,5,1,REQUESTED
301-Kc8R3MAS,132.13.100.72,4,5/10/2020,11:49 AM,41520-052,10,15,9,1,4,4,REQUESTED
291-qvmDUlGV,132.13.100.72,3,8/30/2020,3:34 PM,36987-3258,16,10,3,3,3,6,RECIEVED
779-p7HdofmH,132.13.100.72,4,3/3/2021,3:58 PM,49349-842,17,3,1,4,5,3,DELIVERED
029-sDTeCDR3,229.32.140.61,4,4/5/2020,7:42 AM,10216-3071,10,11,20,3,5,4,PROCESS
663-9EfVDF3N,132.13.100.72,1,11/23/2020,10:33 AM,57955-5287,9,13,11,3,2,6,PROCESS
119-b26YjFKV,132.13.100.72,4,3/9/2021,5:13 PM,60681-1405,20,7,16,2,3,4,PROCESS
033-3yEH1pLb,176.231.9.124,1,8/12/2020,10:59 AM,60505-0212,19,1,9,5,4,3,RECIEVED
437-FR5J2Cdb,132.13.100.72,3,11/24/2020,7:10 PM,54868-0023,1,19,1,1,6,4,RECIEVED
406-r47I0Szw,132.13.100.72,5,3/26/2020,4:40 PM,55154-5380,7,10,9,4,4,1,REQUESTED
869-6xL1Ac19,239.139.8.231,1,10/1/2020,12:05 PM,51079-890,1,6,18,5,3,5,REQUESTED
718-8x3ZVIBg,239.139.8.231,3,12/12/2020,12:09 PM,42361-015,4,16,16,1,1,3,RECIEVED
683-n5HRu2qX,176.231.9.124,2,6/24/2020,6:55 PM,50227-1030,7,11,7,5,5,6,REQUESTED
303-eoTM3bNF,176.231.9.124,1,12/25/2020,5:13 AM,50845-0168,12,9,12,1,2,4,RECIEVED
735-P6XK4HVZ,229.32.140.61,4,1/15/2021,4:36 PM,63323-180,16,6,16,1,2,4,REQUESTED
764-3dXMQ2IA,176.231.9.124,4,9/26/2020,12:05 PM,0225-0360,13,15,14,3,4,5,DELIVERED
190-FwhhUZaN,239.139.8.231,5,11/22/2020,11:28 AM,54868-4066,5,16,5,6,3,5,REQUESTED
124-TM4Z70yC,176.231.9.124,5,10/31/2020,10:39 PM,36987-3032,16,19,5,1,5,4,DELIVERED
467-ASWnB3Ve,229.32.140.61,4,3/15/2021,12:00 PM,55714-2243,2,9,8,4,5,1,PROCESS
104-Mb8mIrMq,239.139.8.231,4,8/23/2020,11:48 AM,55289-798,4,16,14,4,4,6,REQUESTED
501-HILer5Ap,132.13.100.72,2,10/25/2020,7:31 PM,48951-1031,14,19,16,5,1,3,RECIEVED
743-WpjySCBU,239.139.8.231,4,6/21/2020,12:01 AM,55513-002,14,7,13,5,6,6,DELIVERED
552-1cbb1ojy,176.231.9.124,2,3/4/2021,10:51 PM,56136-002,4,18,8,6,2,2,DELIVERED
031-jwqYyX23,239.139.8.231,3,5/25/2020,7:24 PM,0378-5105,14,4,13,5,1,4,PROCESS
802-l5FuiZ3z,229.32.140.61,3,10/10/2020,5:24 AM,42479-212,18,12,12,3,4,4,DELIVERED
971-uPb6p7BM,239.139.8.231,2,3/13/2021,7:45 PM,68645-221,10,7,9,5,3,1,DELIVERED
559-nnHZJSgf,176.231.9.124,5,4/6/2020,5:55 AM,66780-226,7,18,3,4,2,6,REQUESTED
368-KGvJjSc5,229.32.140.61,3,5/11/2020,9:49 PM,49288-0754,1,5,1,2,4,2,RECIEVED
606-jPDSysQp,239.139.8.231,5,8/29/2020,3:03 PM,49483-387,7,4,9,3,2,5,PROCESS
055-MpIUoi3O,132.13.100.72,3,7/23/2020,8:27 AM,49967-641,9,1,9,4,3,2,RECIEVED
697-7IK5lrpq,176.231.9.124,2,5/14/2020,6:26 PM,24385-599,9,19,13,3,2,2,REQUESTED
088-W2qINePo,239.139.8.231,4,8/10/2020,12:09 AM,0409-2267,20,13,19,5,5,5,RECIEVED
537-cVtwtOpX,239.139.8.231,1,3/26/2020,5:46 PM,11822-0440,15,19,5,3,6,5,PROCESS
741-mPSVib45,132.13.100.72,1,4/5/2020,1:43 PM,59535-1401,15,8,13,3,1,1,RECIEVED
654-DFK5GBnX,229.32.140.61,2,4/5/2020,1:35 PM,63629-5349,12,18,11,6,5,2,DELIVERED
864-8IWpFplB,176.231.9.124,5,2/28/2021,5:55 AM,48951-9032,6,17,8,2,6,3,RECIEVED
996-9jmye5OX,176.231.9.124,2,7/23/2020,10:08 PM,49349-154,8,7,7,6,3,4,DELIVERED
429-dO7wDLTW,229.32.140.61,1,5/31/2020,5:19 PM,30142-326,14,9,19,5,2,6,DELIVERED
130-tGy9zdRF,176.231.9.124,1,8/15/2020,1:01 PM,0615-7678,14,9,2,2,5,1,REQUESTED
238-nHbWYA0L,132.13.100.72,4,1/12/2021,1:32 AM,0093-0688,5,9,11,3,6,6,REQUESTED
663-MtK9qyjr,239.139.8.231,2,6/9/2020,6:21 AM,0093-5401,4,17,8,6,5,3,DELIVERED
919-JysRhb2k,176.231.9.124,2,9/5/2020,4:50 AM,0641-6120,14,10,16,1,4,5,PROCESS
877-e6Y5cup4,239.139.8.231,2,1/24/2021,9:20 PM,52533-025,3,16,20,1,4,2,RECIEVED
664-tVauKtMB,229.32.140.61,2,11/17/2020,1:04 AM,60505-0224,19,4,15,3,1,4,DELIVERED
361-vcOxuwuM,229.32.140.61,5,2/1/2021,9:37 AM,42291-237,17,10,11,6,1,2,REQUESTED
892-LMekvWTM,229.32.140.61,3,5/28/2020,11:06 PM,63323-735,13,6,13,1,4,2,RECIEVED
781-zUv5WK4d,229.32.140.61,4,12/23/2020,4:52 PM,61509-103,12,9,6,5,5,1,RECIEVED
221-VItJHgMR,176.231.9.124,1,8/11/2020,4:44 PM,59779-714,16,11,4,3,5,3,PROCESS
378-vHOqcauD,176.231.9.124,2,6/19/2020,6:02 PM,43857-0090,19,17,9,5,2,1,RECIEVED
872-hFCkZ1ct,239.139.8.231,3,7/28/2020,9:37 AM,10356-817,16,9,9,2,3,5,PROCESS
709-MZ13qM6M,239.139.8.231,2,3/14/2021,6:01 PM,54868-0258,19,2,4,4,4,1,PROCESS
513-4rBvSXwb,132.13.100.72,2,4/20/2020,1:41 PM,49794-009,16,7,14,1,2,5,PROCESS
167-tdB3sgDN,132.13.100.72,1,11/3/2020,3:21 PM,41250-014,3,12,11,5,2,2,REQUESTED
448-AqfXzJQl,132.13.100.72,5,5/27/2020,4:37 AM,65862-403,8,10,15,2,1,3,RECIEVED
865-s1fANqnp,132.13.100.72,1,2/5/2021,7:24 PM,58668-2201,17,17,11,5,2,2,RECIEVED
942-mKFP7gEG,176.231.9.124,2,7/19/2020,6:38 AM,0615-3561,12,8,7,1,3,2,RECIEVED
330-ITkKhqic,132.13.100.72,4,2/18/2021,8:03 AM,57472-003,20,2,14,5,5,2,RECIEVED
384-nMsC9qP2,229.32.140.61,1,6/21/2020,2:49 PM,52257-1204,19,3,18,2,5,3,DELIVERED
186-NykkOtpY,132.13.100.72,3,2/5/2021,12:06 AM,47832-205,1,7,11,4,3,2,RECIEVED
408-kXwynTNp,132.13.100.72,4,4/26/2020,9:50 AM,42254-066,17,20,16,6,6,6,REQUESTED
534-YGpCcEFe,239.139.8.231,4,1/3/2021,1:11 PM,68479-313,20,13,2,6,2,5,PROCESS
777-Ur1dPQ9u,176.231.9.124,2,7/23/2020,12:29 PM,60951-934,15,16,16,4,2,3,REQUESTED
798-Ee3L6ueY,176.231.9.124,2,5/9/2020,6:31 PM,50419-453,1,16,3,1,6,6,DELIVERED
603-tHnRp8DM,176.231.9.124,3,1/17/2021,6:05 PM,53808-0994,7,4,8,5,4,6,REQUESTED
182-8wd51lsU,176.231.9.124,4,6/20/2020,6:29 PM,49349-524,1,5,4,1,2,4,PROCESS
843-pq6OYQ3a,132.13.100.72,3,4/3/2020,10:47 PM,0615-7528,19,16,14,3,1,3,PROCESS
805-yNDR1LRn,229.32.140.61,5,1/5/2021,7:44 PM,75936-112,16,17,16,5,5,3,PROCESS
046-nmNJI9PM,229.32.140.61,1,2/23/2021,7:31 AM,35356-744,9,11,8,5,6,4,REQUESTED
971-1gFlMT14,176.231.9.124,5,9/30/2020,10:37 AM,57520-1021,19,15,2,6,3,6,DELIVERED
914-9XtRGsYq,229.32.140.61,5,12/23/2020,3:10 AM,49349-088,17,7,12,2,2,4,RECIEVED
961-zJD85ias,229.32.140.61,1,5/27/2020,6:13 AM,10812-153,1,1,14,6,2,5,RECIEVED
589-Hs31Ksfo,229.32.140.61,3,2/5/2021,4:32 PM,54569-5470,11,1,8,5,6,6,DELIVERED
131-hTQPw5yk,239.139.8.231,4,10/29/2020,1:08 AM,76237-139,15,16,4,2,3,3,DELIVERED
818-EpT0jtaj,239.139.8.231,1,9/7/2020,2:44 PM,53163-101,4,16,13,5,1,5,PROCESS
452-gqcQIsDT,239.139.8.231,1,10/27/2020,10:09 AM,49738-077,8,6,9,6,2,6,DELIVERED
497-ToE4MYFA,229.32.140.61,3,2/28/2021,10:34 AM,52810-511,15,17,10,3,5,4,REQUESTED
331-gmt5ccZr,229.32.140.61,2,12/10/2020,6:23 PM,48951-8240,3,17,9,3,5,5,RECIEVED
365-ZEcOi3GG,229.32.140.61,5,11/20/2020,4:46 AM,57520-0216,13,11,20,6,1,1,DELIVERED
691-BRIWetn7,229.32.140.61,1,5/22/2020,8:22 AM,17089-370,12,11,4,1,6,4,RECIEVED
996-zJAhdzYb,176.231.9.124,2,3/4/2021,11:06 AM,36987-1090,12,5,19,4,5,3,REQUESTED
377-sK9tJ7BU,132.13.100.72,1,5/16/2020,11:02 AM,10096-0236,13,11,4,3,6,5,RECIEVED
661-ESNntdJl,176.231.9.124,1,10/16/2020,12:46 AM,0093-2272,11,19,5,2,6,5,PROCESS
259-Xq8nY5Wa,176.231.9.124,2,1/22/2021,1:53 PM,15127-283,7,10,1,5,2,2,DELIVERED
957-OGsPZW8M,239.139.8.231,5,1/15/2021,2:21 PM,42507-666,4,9,14,1,2,3,RECIEVED
902-3xv4AhPk,176.231.9.124,4,8/13/2020,1:52 AM,53145-039,12,8,17,4,3,3,REQUESTED
868-X1pobOv1,239.139.8.231,1,7/14/2020,8:50 AM,49349-883,13,1,13,1,6,6,RECIEVED
939-i6KNuDaw,132.13.100.72,3,7/23/2020,3:17 AM,41190-194,14,19,7,2,4,5,PROCESS
398-lOyod2dP,132.13.100.72,3,6/5/2020,7:41 PM,52125-793,14,2,14,4,4,6,REQUESTED
452-ZbtZ2rwE,176.231.9.124,1,11/14/2020,2:19 AM,21695-194,20,20,19,3,5,4,RECIEVED
303-q1stUXHg,176.231.9.124,3,10/8/2020,6:55 AM,67510-0378,14,10,19,4,3,5,REQUESTED
732-Ye1VBMZg,176.231.9.124,1,7/28/2020,11:41 AM,16590-119,12,17,18,6,2,3,PROCESS
167-SPk9r8v2,229.32.140.61,1,3/29/2020,6:13 PM,0268-0021,4,3,7,5,5,2,PROCESS
864-O4a6z9Xu,229.32.140.61,4,6/3/2020,4:11 PM,64011-215,17,13,16,2,1,3,REQUESTED
325-Gc4B56Ur,239.139.8.231,5,6/12/2020,12:38 PM,55312-145,8,19,8,3,3,6,PROCESS
818-3crpHYkC,176.231.9.124,3,11/25/2020,3:26 AM,51350-111,15,6,16,3,4,4,REQUESTED
510-smBYYlFS,132.13.100.72,1,7/5/2020,6:01 PM,43538-101,13,18,9,2,2,6,REQUESTED
541-A2NPuWGn,132.13.100.72,1,1/30/2021,1:19 AM,55315-560,18,8,2,3,3,6,PROCESS
364-AHBueKnb,239.139.8.231,3,1/18/2021,11:29 PM,55700-016,1,18,10,2,1,2,DELIVERED
221-UdE6FE3U,229.32.140.61,4,2/21/2021,1:36 PM,48878-3101,10,13,9,5,2,6,PROCESS
439-cn15cWgI,176.231.9.124,5,11/6/2020,1:52 PM,49999-293,7,15,20,4,5,2,DELIVERED
953-DoGdJ2XB,229.32.140.61,5,10/27/2020,3:21 PM,63874-301,6,11,16,3,2,6,REQUESTED
694-GWyVdPaq,239.139.8.231,2,9/30/2020,8:21 PM,36000-007,16,3,14,3,4,5,PROCESS
937-UxBb5wNf,176.231.9.124,2,11/23/2020,5:15 AM,60505-2995,8,11,6,5,2,4,PROCESS
884-Du9mDhDt,132.13.100.72,5,9/20/2020,12:06 PM,60505-0759,10,7,17,3,1,1,DELIVERED
012-jRE3kXc6,132.13.100.72,1,1/30/2021,8:24 PM,0527-1461,5,4,10,2,5,2,RECIEVED
152-jcTwqFdO,229.32.140.61,1,7/13/2020,8:34 AM,65044-2252,20,13,4,4,5,1,REQUESTED
877-gZdoS4qf,239.139.8.231,1,11/15/2020,5:22 AM,68712-005,7,4,18,2,4,5,PROCESS
865-YVBgtdfI,239.139.8.231,3,10/23/2020,1:16 AM,10702-040,4,11,6,1,3,1,DELIVERED
066-Ql53ptZL,176.231.9.124,5,8/12/2020,6:02 PM,63941-407,10,6,17,1,5,6,RECIEVED
907-PuR8lOme,239.139.8.231,4,5/11/2020,2:23 AM,76519-1005,6,16,3,6,5,4,DELIVERED
150-WoIcTi1S,239.139.8.231,1,5/31/2020,7:03 PM,68084-051,11,18,16,2,3,5,DELIVERED
783-PdhiJ95Z,239.139.8.231,4,1/7/2021,8:54 PM,51079-514,3,19,4,2,1,5,RECIEVED
875-tYygstSV,229.32.140.61,2,3/18/2021,5:13 AM,57344-020,8,8,14,2,1,4,REQUESTED
916-UkSoavtF,132.13.100.72,4,7/9/2020,11:21 AM,49349-084,2,4,10,2,3,4,DELIVERED
045-W464zkEa,239.139.8.231,1,8/9/2020,6:35 PM,35356-755,9,7,13,1,6,2,REQUESTED
013-SQeTNDQV,229.32.140.61,3,2/3/2021,2:58 PM,0409-7902,11,15,15,2,5,3,PROCESS
284-gnqdSceq,239.139.8.231,5,10/29/2020,11:19 PM,53150-485,13,5,6,2,2,2,REQUESTED
160-279jpTwC,176.231.9.124,5,7/6/2020,6:42 AM,59321-031,17,9,17,4,6,1,PROCESS
759-MGgQiPDk,229.32.140.61,4,2/8/2021,12:48 AM,0378-1160,14,4,11,2,2,5,REQUESTED
131-UA8WLVDP,229.32.140.61,2,8/12/2020,5:45 PM,63941-007,5,14,13,1,4,3,DELIVERED
555-yAU6K0WS,229.32.140.61,4,1/25/2021,4:10 PM,44717-532,3,9,7,4,5,5,PROCESS
888-8jYB2wF2,229.32.140.61,4,3/9/2021,3:14 AM,51079-246,17,12,11,3,1,3,PROCESS
616-Igjqx4vH,239.139.8.231,2,12/11/2020,2:17 PM,0245-0037,12,1,13,4,1,2,REQUESTED
340-t6oVUJu3,239.139.8.231,2,2/1/2021,1:58 AM,44087-8090,13,4,1,6,6,6,DELIVERED
349-E0exhTUG,239.139.8.231,5,12/11/2020,7:04 PM,53807-216,12,9,11,6,4,5,PROCESS
137-6efN2BXx,239.139.8.231,2,3/22/2020,4:34 AM,0363-0217,3,3,7,2,2,1,REQUESTED
170-aZPn3SjM,239.139.8.231,4,2/5/2021,7:04 AM,24236-586,8,10,13,5,6,4,RECIEVED
292-JCaGOAga,229.32.140.61,1,4/15/2020,9:58 AM,11822-0548,4,2,3,5,5,4,DELIVERED
516-aKWQzN3Z,229.32.140.61,4,3/26/2020,5:42 PM,54868-5855,3,6,4,2,4,5,RECIEVED
325-pc78opOj,132.13.100.72,5,12/9/2020,2:49 PM,0378-3075,16,13,1,6,5,5,DELIVERED
517-9snhyjHV,229.32.140.61,5,7/2/2020,6:29 AM,0268-6314,2,2,19,4,5,1,REQUESTED
074-Np52twuQ,176.231.9.124,2,3/25/2020,6:31 AM,41520-600,8,17,18,6,4,5,PROCESS
591-JsX3ZEQQ,229.32.140.61,4,3/11/2021,11:01 PM,10096-0265,5,13,14,4,6,5,DELIVERED
116-uKATQq8q,229.32.140.61,5,2/25/2021,2:34 PM,46122-218,6,2,10,2,5,3,REQUESTED
537-VlPRPFBs,176.231.9.124,1,12/29/2020,12:19 AM,49884-196,11,17,14,4,1,3,PROCESS
664-RfLNTC8w,132.13.100.72,2,5/30/2020,5:08 AM,55319-525,18,7,2,3,1,1,REQUESTED
165-wu4GqvUW,176.231.9.124,4,5/22/2020,12:38 AM,68151-4146,16,5,16,6,6,1,DELIVERED
218-flNETfPP,132.13.100.72,1,7/17/2020,10:16 AM,67038-108,6,14,19,4,1,4,PROCESS
343-HRcKUsxR,229.32.140.61,5,8/25/2020,5:29 PM,63629-5029,15,6,18,2,6,2,REQUESTED
571-TbpKrEPp,229.32.140.61,2,12/15/2020,5:34 PM,36987-2618,20,16,14,5,4,5,RECIEVED
966-EK9O0075,132.13.100.72,1,2/13/2021,5:47 AM,11819-365,15,9,18,3,1,3,PROCESS
444-tGUIirrp,176.231.9.124,1,4/6/2020,7:10 AM,10596-335,8,4,7,2,5,2,RECIEVED
604-5o21P2eY,239.139.8.231,4,1/17/2021,6:44 AM,48951-8092,20,10,4,1,4,4,RECIEVED
464-5eHfchvp,176.231.9.124,1,1/29/2021,8:11 PM,58232-4026,3,18,10,1,5,1,DELIVERED
296-lyl0tmNW,239.139.8.231,2,12/3/2020,6:43 PM,68645-220,5,2,6,5,4,1,REQUESTED
070-HbdI6hDv,229.32.140.61,3,11/17/2020,9:31 AM,64942-1315,11,18,13,6,3,3,REQUESTED
740-LGUbZpb7,176.231.9.124,4,8/11/2020,3:23 AM,35356-474,1,8,1,1,3,2,RECIEVED
112-3GPl4hhV,132.13.100.72,4,5/29/2020,6:31 AM,49288-0348,16,19,15,4,2,2,REQUESTED
028-a7WlPDBc,239.139.8.231,2,1/9/2021,6:01 AM,48951-9004,16,12,7,6,2,6,REQUESTED
663-QIfvF7Nu,229.32.140.61,1,10/10/2020,2:49 PM,49288-0497,11,14,8,6,2,5,DELIVERED
068-THZKbxcD,239.139.8.231,3,10/12/2020,4:07 AM,52125-683,19,13,17,2,3,3,PROCESS
285-y9BCegJS,239.139.8.231,5,7/17/2020,5:14 AM,62011-0077,5,12,2,1,1,3,DELIVERED
243-eNipJtWq,132.13.100.72,4,7/8/2020,10:21 AM,60660-7786,9,14,13,3,5,1,PROCESS
519-ZZsJX9fE,239.139.8.231,2,9/20/2020,12:29 AM,0440-1796,10,4,4,3,1,1,RECIEVED
273-El3Gizb9,229.32.140.61,3,10/23/2020,10:44 PM,11822-0213,10,7,14,4,1,3,RECIEVED
923-w3JSmuF2,239.139.8.231,2,3/19/2021,6:31 AM,0054-4570,5,7,19,3,2,1,RECIEVED
239-X6S7ZMSn,132.13.100.72,4,6/21/2020,11:47 AM,0573-2620,7,12,7,1,4,3,PROCESS
600-9eolxyRo,229.32.140.61,5,10/6/2020,12:48 AM,67296-0716,1,17,6,4,6,4,RECIEVED
159-bkv1o1RD,132.13.100.72,4,10/26/2020,3:27 AM,57664-369,5,2,8,5,4,6,DELIVERED
096-YPGmk00r,132.13.100.72,1,1/30/2021,3:29 PM,0409-1746,5,11,1,2,1,2,DELIVERED
362-FeZEhkSy,229.32.140.61,1,9/21/2020,8:01 PM,65044-1945,14,8,4,5,6,2,RECIEVED
810-sf0jgbez,132.13.100.72,1,7/22/2020,9:29 AM,48951-1073,1,18,10,3,6,4,DELIVERED
271-bV9FLV0F,229.32.140.61,3,5/10/2020,3:32 PM,0273-0357,12,3,4,5,1,6,REQUESTED
419-fO4LNjLL,229.32.140.61,2,11/20/2020,2:08 AM,50184-6700,14,15,16,4,2,1,DELIVERED
079-aa5vFTO1,229.32.140.61,4,3/31/2020,8:48 AM,69139-102,4,18,2,6,3,2,PROCESS
